user_input,retrieved_contexts,response,reference,faithfulness,answer_relevancy,llm_context_precision_with_reference,context_recall,semantic_similarity,factual_correctness
Apa penyebab Kudis Apel (Apple Scab) dan dalam kondisi apa penyakit ini berkembang?,"['Patogen: Venturia inaequalis (tipe: Jamur Ascomycete). Penyebab utama: Spora (askospora) dari daun gugur terinfeksi yang melewati musim dingin di tanah. Kondisi pemicu: Cuaca lembap dan sejuk di musim semi (suhu 10–24°C), Permukaan daun basah lebih dari 9 jam berturut-turut, Curah hujan tinggi sejak pembengkakan tunas hingga akhir pembungaan.', 'Gejala: Bercak hijau-zaitun beludru pada permukaan bawah daun muda', 'Gejala: Bercak cokelat gelap berbatas tegas pada daun yang lebih tua', 'Gejala: Buah menunjukkan bercak kasar berwarna zaitun-cokelat, bisa retak dan cacat', 'Gejala: Gugur daun prematur hingga menggundulkan pohon di musim panas', 'Gejala: Ranting muda dapat terinfeksi dan menunjukkan bercak kabur keunguan', 'Penanganan (tipe Kimia — Fungisida Sistemik): produk Score 250 EC (Difenokonazol), bahan aktif Difenokonazol 250 g/L, dosis 0,25–0,5 ml/liter air. Cara: Semprot merata seluruh permukaan daun dan buah muda, termasuk bagian bawah daun.', 'Penanganan (tipe Kimia — Fungisida Sistemik Kombinasi): produk Nativo 75 WG (Tebukonazol + Trifloksistrobin), bahan aktif Tebukonazol 50% + Trifloksistrobin 25%, dosis 0,3–0,5 g/liter air. Cara: Semprot merata saat tunas mulai membuka; tambahkan perekat (sticker) untuk adhesi lebih baik.', 'Penanganan (tipe Organik — Fungisida Kontak): produk Fungisida Tembaga (Copper Hydroxide / Bordeaux Mixture), bahan aktif Tembaga Hidroksida atau Tembaga Sulfat + Kapur, dosis 2–3 g/liter air (copper hydroxide); ikuti label produk. Cara: Semprot sebelum hujan untuk perlindungan preventif.', 'Pencegahan: Tanam varietas apel tahan kudis (scab-resistant) seperti Liberty, Redfree, atau Enterprise.', 'Pencegahan: Bersihkan dan musnahkan semua daun gugur di bawah pohon sebelum musim hujan; ini menghilangkan sumber spora utama.', 'Pencegahan: Lakukan pemangkasan rutin untuk meningkatkan sirkulasi udara dan mempercepat pengeringan daun.', 'Pencegahan: Atur jarak tanam cukup lebar agar kanopi tidak terlalu rapat.', 'Pencegahan: Hindari irigasi semprot dari atas; gunakan irigasi tetes atau selang bawah kanopi.', 'Pencegahan: Mulsa di bawah pohon untuk mencegah spora tanah terpercik ke daun.', 'Perawatan: Berikan pupuk Nitrogen pasca panen untuk mempercepat dekomposisi daun terinfeksi.', 'Perawatan: Pemupukan NPK seimbang + unsur mikro (Zn, B, Mn) untuk memperkuat sistem imun pohon.', 'Perawatan: Gunakan mulsa organik di pangkal pohon untuk menekan kelembapan dan spora tanah.', 'Perawatan: Monitor secara rutin sejak fase green tip; catat tingkat keparahan tiap minggu.', 'Perawatan: Cabut dan bakar ranting bergejala scab saat pemangkasan dorman.', 'Kudis Apel (Apple Scab) adalah penyakit jamur serius pada tanaman apel yang disebabkan oleh Venturia inaequalis. Gejala utama berupa bercak hijau-zaitun beludru pada permukaan bawah daun muda, kemudian berkembang menjadi bercak cokelat gelap, dan menyebabkan buah cacat serta gugur daun prematur — kerugian hasil bisa mencapai 70%. Penyakit berkembang pesat saat cuaca sejuk dan lembap (10–24°C) dengan daun basah lebih dari 9 jam. Jamur bertahan di daun gugur di tanah dan melepaskan spora saat musim semi. Penanganan kimia menggunakan Score 250 EC (Difenokonazol 250 g/L, dosis 0,25–0,5 ml/liter) atau Nativo 75 WG (Tebukonazol + Trifloksistrobin, dosis 0,3–0,5 g/liter) disemprotkan setiap 7–14 hari sejak fase green tip hingga setelah bunga jatuh. Untuk pendekatan organik, gunakan fungisida tembaga sebelum hujan. Pencegahan terbaik: tanam varietas tahan scab, bersihkan daun gugur sebelum musim hujan, pangkas untuk sirkulasi udara, dan hindari irigasi overhead. Perawatan meliputi pemupukan NPK seimbang, mulsa organik, dan monitoring mingguan.']","**Penyebab:**  
Kudis Apel disebabkan oleh jamur *Venturia inaequalis*. Patogen ini menyebar melalui spora (askospora) yang berasal dari daun‑daun gugur yang terinfeksi dan bertahan di tanah selama musim dingin.

**Kondisi yang memicu perkembangan penyakit:**  
- Cuaca lembap dan sejuk pada musim semi, dengan suhu berkisar **10 – 24 °C**.  
- Permukaan daun tetap **basah lebih dari 9 jam berturut‑turut**.  
- **Curah hujan tinggi** sejak tunas mulai membengkak hingga akhir fase pembungaan.  

Dalam kondisi tersebut, spora jamur dapat berkecambah dan menyebar ke daun serta buah muda, menyebabkan penyakit berkembang dengan cepat.",Kudis Apel (Apple Scab) disebabkan oleh Jamur Ascomycete Venturia inaequalis. Spora (askospora) dari daun gugur terinfeksi yang melewati musim dingin di tanah. Penyakit ini berkembang pesat pada kondisi: Cuaca lembap dan sejuk di musim semi (suhu 10–24°C); Permukaan daun basah lebih dari 9 jam berturut-turut; Curah hujan tinggi sejak pembengkakan tunas hingga akhir pembungaan.,0.8,0.6068244804069521,0.5476190475916667,1.0,0.8380044787891099,0.94
Apa saja gejala yang muncul pada tanaman yang terserang Kudis Apel (Apple Scab)?,"['Patogen: Venturia inaequalis (tipe: Jamur Ascomycete). Penyebab utama: Spora (askospora) dari daun gugur terinfeksi yang melewati musim dingin di tanah. Kondisi pemicu: Cuaca lembap dan sejuk di musim semi (suhu 10–24°C), Permukaan daun basah lebih dari 9 jam berturut-turut, Curah hujan tinggi sejak pembengkakan tunas hingga akhir pembungaan.', 'Gejala: Bercak hijau-zaitun beludru pada permukaan bawah daun muda', 'Gejala: Bercak cokelat gelap berbatas tegas pada daun yang lebih tua', 'Gejala: Buah menunjukkan bercak kasar berwarna zaitun-cokelat, bisa retak dan cacat', 'Gejala: Gugur daun prematur hingga menggundulkan pohon di musim panas', 'Gejala: Ranting muda dapat terinfeksi dan menunjukkan bercak kabur keunguan', 'Penanganan (tipe Kimia — Fungisida Sistemik): produk Score 250 EC (Difenokonazol), bahan aktif Difenokonazol 250 g/L, dosis 0,25–0,5 ml/liter air. Cara: Semprot merata seluruh permukaan daun dan buah muda, termasuk bagian bawah daun.', 'Penanganan (tipe Kimia — Fungisida Sistemik Kombinasi): produk Nativo 75 WG (Tebukonazol + Trifloksistrobin), bahan aktif Tebukonazol 50% + Trifloksistrobin 25%, dosis 0,3–0,5 g/liter air. Cara: Semprot merata saat tunas mulai membuka; tambahkan perekat (sticker) untuk adhesi lebih baik.', 'Penanganan (tipe Organik — Fungisida Kontak): produk Fungisida Tembaga (Copper Hydroxide / Bordeaux Mixture), bahan aktif Tembaga Hidroksida atau Tembaga Sulfat + Kapur, dosis 2–3 g/liter air (copper hydroxide); ikuti label produk. Cara: Semprot sebelum hujan untuk perlindungan preventif.', 'Pencegahan: Tanam varietas apel tahan kudis (scab-resistant) seperti Liberty, Redfree, atau Enterprise.', 'Pencegahan: Bersihkan dan musnahkan semua daun gugur di bawah pohon sebelum musim hujan; ini menghilangkan sumber spora utama.', 'Pencegahan: Lakukan pemangkasan rutin untuk meningkatkan sirkulasi udara dan mempercepat pengeringan daun.', 'Pencegahan: Atur jarak tanam cukup lebar agar kanopi tidak terlalu rapat.', 'Pencegahan: Hindari irigasi semprot dari atas; gunakan irigasi tetes atau selang bawah kanopi.', 'Pencegahan: Mulsa di bawah pohon untuk mencegah spora tanah terpercik ke daun.', 'Perawatan: Berikan pupuk Nitrogen pasca panen untuk mempercepat dekomposisi daun terinfeksi.', 'Perawatan: Pemupukan NPK seimbang + unsur mikro (Zn, B, Mn) untuk memperkuat sistem imun pohon.', 'Perawatan: Gunakan mulsa organik di pangkal pohon untuk menekan kelembapan dan spora tanah.', 'Perawatan: Monitor secara rutin sejak fase green tip; catat tingkat keparahan tiap minggu.', 'Perawatan: Cabut dan bakar ranting bergejala scab saat pemangkasan dorman.', 'Kudis Apel (Apple Scab) adalah penyakit jamur serius pada tanaman apel yang disebabkan oleh Venturia inaequalis. Gejala utama berupa bercak hijau-zaitun beludru pada permukaan bawah daun muda, kemudian berkembang menjadi bercak cokelat gelap, dan menyebabkan buah cacat serta gugur daun prematur — kerugian hasil bisa mencapai 70%. Penyakit berkembang pesat saat cuaca sejuk dan lembap (10–24°C) dengan daun basah lebih dari 9 jam. Jamur bertahan di daun gugur di tanah dan melepaskan spora saat musim semi. Penanganan kimia menggunakan Score 250 EC (Difenokonazol 250 g/L, dosis 0,25–0,5 ml/liter) atau Nativo 75 WG (Tebukonazol + Trifloksistrobin, dosis 0,3–0,5 g/liter) disemprotkan setiap 7–14 hari sejak fase green tip hingga setelah bunga jatuh. Untuk pendekatan organik, gunakan fungisida tembaga sebelum hujan. Pencegahan terbaik: tanam varietas tahan scab, bersihkan daun gugur sebelum musim hujan, pangkas untuk sirkulasi udara, dan hindari irigasi overhead. Perawatan meliputi pemupukan NPK seimbang, mulsa organik, dan monitoring mingguan.']","Berikut gejala yang muncul pada tanaman apel yang terserang Kudis Apel (Apple Scab):

- Bercak hijau‑zaitun bertekstur beludru pada permukaan bawah daun muda.  
- Bercak cokelat gelap dengan batas tegas pada daun yang lebih tua.  
- Buah menunjukkan bercak kasar berwarna zaitun‑cokelat, yang dapat retak dan menjadi cacat.  
- Daun gugur prematur hingga menyebabkan pohon menggundul pada musim panas.  
- Ranting muda terinfeksi dan menampakkan bercak kabur berwarna keunguan.","Gejala Kudis Apel (Apple Scab) meliputi: Bercak hijau-zaitun beludru pada permukaan bawah daun muda; Bercak cokelat gelap berbatas tegas pada daun yang lebih tua; Buah menunjukkan bercak kasar berwarna zaitun-cokelat, bisa retak dan cacat; Gugur daun prematur hingga menggundulkan pohon di musim panas; Ranting muda dapat terinfeksi dan menunjukkan bercak kabur keunguan.",1.0,0.9342958391352049,0.6392857142750595,0.8,0.9650015951353688,1.0
Bagaimana cara menangani Kudis Apel (Apple Scab) yang sudah terinfeksi?,"['Patogen: Venturia inaequalis (tipe: Jamur Ascomycete). Penyebab utama: Spora (askospora) dari daun gugur terinfeksi yang melewati musim dingin di tanah. Kondisi pemicu: Cuaca lembap dan sejuk di musim semi (suhu 10–24°C), Permukaan daun basah lebih dari 9 jam berturut-turut, Curah hujan tinggi sejak pembengkakan tunas hingga akhir pembungaan.', 'Gejala: Bercak hijau-zaitun beludru pada permukaan bawah daun muda', 'Gejala: Bercak cokelat gelap berbatas tegas pada daun yang lebih tua', 'Gejala: Buah menunjukkan bercak kasar berwarna zaitun-cokelat, bisa retak dan cacat', 'Gejala: Gugur daun prematur hingga menggundulkan pohon di musim panas', 'Gejala: Ranting muda dapat terinfeksi dan menunjukkan bercak kabur keunguan', 'Penanganan (tipe Kimia — Fungisida Sistemik): produk Score 250 EC (Difenokonazol), bahan aktif Difenokonazol 250 g/L, dosis 0,25–0,5 ml/liter air. Cara: Semprot merata seluruh permukaan daun dan buah muda, termasuk bagian bawah daun.', 'Penanganan (tipe Kimia — Fungisida Sistemik Kombinasi): produk Nativo 75 WG (Tebukonazol + Trifloksistrobin), bahan aktif Tebukonazol 50% + Trifloksistrobin 25%, dosis 0,3–0,5 g/liter air. Cara: Semprot merata saat tunas mulai membuka; tambahkan perekat (sticker) untuk adhesi lebih baik.', 'Penanganan (tipe Organik — Fungisida Kontak): produk Fungisida Tembaga (Copper Hydroxide / Bordeaux Mixture), bahan aktif Tembaga Hidroksida atau Tembaga Sulfat + Kapur, dosis 2–3 g/liter air (copper hydroxide); ikuti label produk. Cara: Semprot sebelum hujan untuk perlindungan preventif.', 'Pencegahan: Tanam varietas apel tahan kudis (scab-resistant) seperti Liberty, Redfree, atau Enterprise.', 'Pencegahan: Bersihkan dan musnahkan semua daun gugur di bawah pohon sebelum musim hujan; ini menghilangkan sumber spora utama.', 'Pencegahan: Lakukan pemangkasan rutin untuk meningkatkan sirkulasi udara dan mempercepat pengeringan daun.', 'Pencegahan: Atur jarak tanam cukup lebar agar kanopi tidak terlalu rapat.', 'Pencegahan: Hindari irigasi semprot dari atas; gunakan irigasi tetes atau selang bawah kanopi.', 'Pencegahan: Mulsa di bawah pohon untuk mencegah spora tanah terpercik ke daun.', 'Perawatan: Berikan pupuk Nitrogen pasca panen untuk mempercepat dekomposisi daun terinfeksi.', 'Perawatan: Pemupukan NPK seimbang + unsur mikro (Zn, B, Mn) untuk memperkuat sistem imun pohon.', 'Perawatan: Gunakan mulsa organik di pangkal pohon untuk menekan kelembapan dan spora tanah.', 'Perawatan: Monitor secara rutin sejak fase green tip; catat tingkat keparahan tiap minggu.', 'Perawatan: Cabut dan bakar ranting bergejala scab saat pemangkasan dorman.', 'Kudis Apel (Apple Scab) adalah penyakit jamur serius pada tanaman apel yang disebabkan oleh Venturia inaequalis. Gejala utama berupa bercak hijau-zaitun beludru pada permukaan bawah daun muda, kemudian berkembang menjadi bercak cokelat gelap, dan menyebabkan buah cacat serta gugur daun prematur — kerugian hasil bisa mencapai 70%. Penyakit berkembang pesat saat cuaca sejuk dan lembap (10–24°C) dengan daun basah lebih dari 9 jam. Jamur bertahan di daun gugur di tanah dan melepaskan spora saat musim semi. Penanganan kimia menggunakan Score 250 EC (Difenokonazol 250 g/L, dosis 0,25–0,5 ml/liter) atau Nativo 75 WG (Tebukonazol + Trifloksistrobin, dosis 0,3–0,5 g/liter) disemprotkan setiap 7–14 hari sejak fase green tip hingga setelah bunga jatuh. Untuk pendekatan organik, gunakan fungisida tembaga sebelum hujan. Pencegahan terbaik: tanam varietas tahan scab, bersihkan daun gugur sebelum musim hujan, pangkas untuk sirkulasi udara, dan hindari irigasi overhead. Perawatan meliputi pemupukan NPK seimbang, mulsa organik, dan monitoring mingguan.']","**Penanganan Kudis Apel yang sudah terinfeksi**

1. **Fungisida Sistemik – Difenokonazol**  
   - **Produk:** Score 250 EC (Difenokonazol 250 g/L)  
   - **Dosis:** 0,25–0,5 ml per liter air  
   - **Cara pakai:** Semprotkan secara merata seluruh permukaan daun dan buah muda, termasuk bagian bawah daun.

2. **Fungisida Sistemik Kombinasi**  
   - **Produk:** Nativo 75 WG (Tebukonazol 50 % + Trifloksistrobin 25 %)  
   - **Dosis:** 0,3–0,5 g per liter air  
   - **Cara pakai:** Semprotkan merata saat tunas mulai membuka; tambahkan perekat (sticker) agar cairan menempel lebih baik.

3. **Fungisida Kontak Organik – Tembaga**  
   - **Produk:** Campuran tembaga (Copper Hydroxide atau Bordeaux Mixture)  
   - **Dosis:** 2–3 g per liter air (untuk copper hydroxide) – ikuti petunjuk label produk.  
   - **Cara pakai:** Semprot sebelum hujan untuk memberikan perlindungan preventif pada bagian yang sudah terinfeksi.

**Catatan penting:** Lakukan penyemprotan secara merata dan ulangi sesuai jadwal (biasanya tiap 7–14 hari) sampai daun yang baru muncul tidak lagi menunjukkan gejala. Pastikan seluruh permukaan daun, terutama bagian bawah, terlapisi dengan baik.","Penanganan Kudis Apel (Apple Scab) dapat dilakukan dengan: Score 250 EC (Difenokonazol) (Difenokonazol 250 g/L, dosis 0,25–0,5 ml/liter air) — cara: Semprot merata seluruh permukaan daun dan buah muda, termasuk bagian bawah daun; waktu: Mulai fase pecah tunas (green tip) hingga setelah kelopak bunga jatuh; ulangi setiap 7–10 hari saat cuaca basah; Nativo 75 WG (Tebukonazol + Trifloksistrobin) (Tebukonazol 50% + Trifloksistrobin 25%, dosis 0,3–0,5 g/liter air) — cara: Semprot merata saat tunas mulai membuka; tambahkan perekat (sticker) untuk adhesi lebih baik; waktu: Fase tunas hijau hingga pembentukan buah; interval 10–14 hari; Fungisida Tembaga (Copper Hydroxide / Bordeaux Mixture) (Tembaga Hidroksida atau Tembaga Sulfat + Kapur, dosis 2–3 g/liter air (copper hydroxide); ikuti label produk) — cara: Semprot sebelum hujan untuk perlindungan preventif; waktu: Dorman hingga pembengkakan tunas; juga setelah panen untuk sanitasi.",1.0,0.9120020779620638,0.43075227897638374,1.0,0.7930213009893268,0.71
Bagaimana cara mencegah serangan Kudis Apel (Apple Scab)?,"['Patogen: Venturia inaequalis (tipe: Jamur Ascomycete). Penyebab utama: Spora (askospora) dari daun gugur terinfeksi yang melewati musim dingin di tanah. Kondisi pemicu: Cuaca lembap dan sejuk di musim semi (suhu 10–24°C), Permukaan daun basah lebih dari 9 jam berturut-turut, Curah hujan tinggi sejak pembengkakan tunas hingga akhir pembungaan.', 'Gejala: Bercak hijau-zaitun beludru pada permukaan bawah daun muda', 'Gejala: Bercak cokelat gelap berbatas tegas pada daun yang lebih tua', 'Gejala: Buah menunjukkan bercak kasar berwarna zaitun-cokelat, bisa retak dan cacat', 'Gejala: Gugur daun prematur hingga menggundulkan pohon di musim panas', 'Gejala: Ranting muda dapat terinfeksi dan menunjukkan bercak kabur keunguan', 'Penanganan (tipe Kimia — Fungisida Sistemik): produk Score 250 EC (Difenokonazol), bahan aktif Difenokonazol 250 g/L, dosis 0,25–0,5 ml/liter air. Cara: Semprot merata seluruh permukaan daun dan buah muda, termasuk bagian bawah daun.', 'Penanganan (tipe Kimia — Fungisida Sistemik Kombinasi): produk Nativo 75 WG (Tebukonazol + Trifloksistrobin), bahan aktif Tebukonazol 50% + Trifloksistrobin 25%, dosis 0,3–0,5 g/liter air. Cara: Semprot merata saat tunas mulai membuka; tambahkan perekat (sticker) untuk adhesi lebih baik.', 'Penanganan (tipe Organik — Fungisida Kontak): produk Fungisida Tembaga (Copper Hydroxide / Bordeaux Mixture), bahan aktif Tembaga Hidroksida atau Tembaga Sulfat + Kapur, dosis 2–3 g/liter air (copper hydroxide); ikuti label produk. Cara: Semprot sebelum hujan untuk perlindungan preventif.', 'Pencegahan: Tanam varietas apel tahan kudis (scab-resistant) seperti Liberty, Redfree, atau Enterprise.', 'Pencegahan: Bersihkan dan musnahkan semua daun gugur di bawah pohon sebelum musim hujan; ini menghilangkan sumber spora utama.', 'Pencegahan: Lakukan pemangkasan rutin untuk meningkatkan sirkulasi udara dan mempercepat pengeringan daun.', 'Pencegahan: Atur jarak tanam cukup lebar agar kanopi tidak terlalu rapat.', 'Pencegahan: Hindari irigasi semprot dari atas; gunakan irigasi tetes atau selang bawah kanopi.', 'Pencegahan: Mulsa di bawah pohon untuk mencegah spora tanah terpercik ke daun.', 'Perawatan: Berikan pupuk Nitrogen pasca panen untuk mempercepat dekomposisi daun terinfeksi.', 'Perawatan: Pemupukan NPK seimbang + unsur mikro (Zn, B, Mn) untuk memperkuat sistem imun pohon.', 'Perawatan: Gunakan mulsa organik di pangkal pohon untuk menekan kelembapan dan spora tanah.', 'Perawatan: Monitor secara rutin sejak fase green tip; catat tingkat keparahan tiap minggu.', 'Perawatan: Cabut dan bakar ranting bergejala scab saat pemangkasan dorman.', 'Kudis Apel (Apple Scab) adalah penyakit jamur serius pada tanaman apel yang disebabkan oleh Venturia inaequalis. Gejala utama berupa bercak hijau-zaitun beludru pada permukaan bawah daun muda, kemudian berkembang menjadi bercak cokelat gelap, dan menyebabkan buah cacat serta gugur daun prematur — kerugian hasil bisa mencapai 70%. Penyakit berkembang pesat saat cuaca sejuk dan lembap (10–24°C) dengan daun basah lebih dari 9 jam. Jamur bertahan di daun gugur di tanah dan melepaskan spora saat musim semi. Penanganan kimia menggunakan Score 250 EC (Difenokonazol 250 g/L, dosis 0,25–0,5 ml/liter) atau Nativo 75 WG (Tebukonazol + Trifloksistrobin, dosis 0,3–0,5 g/liter) disemprotkan setiap 7–14 hari sejak fase green tip hingga setelah bunga jatuh. Untuk pendekatan organik, gunakan fungisida tembaga sebelum hujan. Pencegahan terbaik: tanam varietas tahan scab, bersihkan daun gugur sebelum musim hujan, pangkas untuk sirkulasi udara, dan hindari irigasi overhead. Perawatan meliputi pemupukan NPK seimbang, mulsa organik, dan monitoring mingguan.']","**Cara mencegah serangan Kudis Apel (Apple Scab):**

1. Tanam varietas apel yang tahan kudis, seperti Liberty, Redfree, atau Enterprise.  
2. Bersihkan dan musnahkan semua daun gugur di bawah pohon sebelum musim hujan untuk menghilangkan sumber spora utama.  
3. Lakukan pemangkasan rutin agar sirkulasi udara meningkat dan daun cepat kering.  
4. Atur jarak tanam cukup lebar sehingga kanopi tidak terlalu rapat.  
5. Hindari irigasi semprot dari atas; gunakan irigasi tetes atau selang bawah kanopi.  
6. Pasang mulsa di sekitar pangkal pohon untuk mencegah spora tanah terpercik ke daun.","Pencegahan Kudis Apel (Apple Scab) meliputi: Tanam varietas apel tahan kudis (scab-resistant) seperti Liberty, Redfree, atau Enterprise. Bersihkan dan musnahkan semua daun gugur di bawah pohon sebelum musim hujan; ini menghilangkan sumber spora utama. Lakukan pemangkasan rutin untuk meningkatkan sirkulasi udara dan mempercepat pengeringan daun. Atur jarak tanam cukup lebar agar kanopi tidak terlalu rapat. Hindari irigasi semprot dari atas; gunakan irigasi tetes atau selang bawah kanopi. Mulsa di bawah pohon untuk mencegah spora tanah terpercik ke daun.",1.0,0.8448117068418656,0.4456549006504441,1.0,0.9459625555304267,1.0
Perawatan apa yang perlu dilakukan pada tanaman untuk mendukung pemulihan dan ketahanan terhadap Kudis Apel (Apple Scab)?,"['Patogen: Venturia inaequalis (tipe: Jamur Ascomycete). Penyebab utama: Spora (askospora) dari daun gugur terinfeksi yang melewati musim dingin di tanah. Kondisi pemicu: Cuaca lembap dan sejuk di musim semi (suhu 10–24°C), Permukaan daun basah lebih dari 9 jam berturut-turut, Curah hujan tinggi sejak pembengkakan tunas hingga akhir pembungaan.', 'Gejala: Bercak hijau-zaitun beludru pada permukaan bawah daun muda', 'Gejala: Bercak cokelat gelap berbatas tegas pada daun yang lebih tua', 'Gejala: Buah menunjukkan bercak kasar berwarna zaitun-cokelat, bisa retak dan cacat', 'Gejala: Gugur daun prematur hingga menggundulkan pohon di musim panas', 'Gejala: Ranting muda dapat terinfeksi dan menunjukkan bercak kabur keunguan', 'Penanganan (tipe Kimia — Fungisida Sistemik): produk Score 250 EC (Difenokonazol), bahan aktif Difenokonazol 250 g/L, dosis 0,25–0,5 ml/liter air. Cara: Semprot merata seluruh permukaan daun dan buah muda, termasuk bagian bawah daun.', 'Penanganan (tipe Kimia — Fungisida Sistemik Kombinasi): produk Nativo 75 WG (Tebukonazol + Trifloksistrobin), bahan aktif Tebukonazol 50% + Trifloksistrobin 25%, dosis 0,3–0,5 g/liter air. Cara: Semprot merata saat tunas mulai membuka; tambahkan perekat (sticker) untuk adhesi lebih baik.', 'Penanganan (tipe Organik — Fungisida Kontak): produk Fungisida Tembaga (Copper Hydroxide / Bordeaux Mixture), bahan aktif Tembaga Hidroksida atau Tembaga Sulfat + Kapur, dosis 2–3 g/liter air (copper hydroxide); ikuti label produk. Cara: Semprot sebelum hujan untuk perlindungan preventif.', 'Pencegahan: Tanam varietas apel tahan kudis (scab-resistant) seperti Liberty, Redfree, atau Enterprise.', 'Pencegahan: Bersihkan dan musnahkan semua daun gugur di bawah pohon sebelum musim hujan; ini menghilangkan sumber spora utama.', 'Pencegahan: Lakukan pemangkasan rutin untuk meningkatkan sirkulasi udara dan mempercepat pengeringan daun.', 'Pencegahan: Atur jarak tanam cukup lebar agar kanopi tidak terlalu rapat.', 'Pencegahan: Hindari irigasi semprot dari atas; gunakan irigasi tetes atau selang bawah kanopi.', 'Pencegahan: Mulsa di bawah pohon untuk mencegah spora tanah terpercik ke daun.', 'Perawatan: Berikan pupuk Nitrogen pasca panen untuk mempercepat dekomposisi daun terinfeksi.', 'Perawatan: Pemupukan NPK seimbang + unsur mikro (Zn, B, Mn) untuk memperkuat sistem imun pohon.', 'Perawatan: Gunakan mulsa organik di pangkal pohon untuk menekan kelembapan dan spora tanah.', 'Perawatan: Monitor secara rutin sejak fase green tip; catat tingkat keparahan tiap minggu.', 'Perawatan: Cabut dan bakar ranting bergejala scab saat pemangkasan dorman.', 'Kudis Apel (Apple Scab) adalah penyakit jamur serius pada tanaman apel yang disebabkan oleh Venturia inaequalis. Gejala utama berupa bercak hijau-zaitun beludru pada permukaan bawah daun muda, kemudian berkembang menjadi bercak cokelat gelap, dan menyebabkan buah cacat serta gugur daun prematur — kerugian hasil bisa mencapai 70%. Penyakit berkembang pesat saat cuaca sejuk dan lembap (10–24°C) dengan daun basah lebih dari 9 jam. Jamur bertahan di daun gugur di tanah dan melepaskan spora saat musim semi. Penanganan kimia menggunakan Score 250 EC (Difenokonazol 250 g/L, dosis 0,25–0,5 ml/liter) atau Nativo 75 WG (Tebukonazol + Trifloksistrobin, dosis 0,3–0,5 g/liter) disemprotkan setiap 7–14 hari sejak fase green tip hingga setelah bunga jatuh. Untuk pendekatan organik, gunakan fungisida tembaga sebelum hujan. Pencegahan terbaik: tanam varietas tahan scab, bersihkan daun gugur sebelum musim hujan, pangkas untuk sirkulasi udara, dan hindari irigasi overhead. Perawatan meliputi pemupukan NPK seimbang, mulsa organik, dan monitoring mingguan.']","**Perawatan untuk mendukung pemulihan dan meningkatkan ketahanan tanaman apel terhadap Kudis Apel:**

1. **Pemupukan Nitrogen pasca panen** – mempercepat dekomposisi daun terinfeksi dan membantu pemulihan pohon.  
2. **Pemupukan NPK seimbang** ditambah unsur mikro (Zn, B, Mn) – memperkuat sistem imun tanaman.  
3. **Penggunaan mulsa organik di pangkal pohon** – menurunkan kelembapan tanah sehingga mengurangi tekanan spora.  
4. **Monitoring rutin** sejak fase green tip; catat tingkat keparahan tiap minggu untuk deteksi dini.  
5. **Pemangkasan dan pembakaran ranting bergejala scab** (pada masa dorman) – menghilangkan sumber infeksi dan mencegah penyebaran.","Perawatan untuk tanaman yang terserang atau rentan Kudis Apel (Apple Scab) meliputi: Berikan pupuk Nitrogen pasca panen untuk mempercepat dekomposisi daun terinfeksi. Pemupukan NPK seimbang + unsur mikro (Zn, B, Mn) untuk memperkuat sistem imun pohon. Gunakan mulsa organik di pangkal pohon untuk menekan kelembapan dan spora tanah. Monitor secara rutin sejak fase green tip; catat tingkat keparahan tiap minggu. Cabut dan bakar ranting bergejala scab saat pemangkasan dorman.",0.6363636363636364,0.9118270313125567,0.4328954125466563,1.0,0.8364898428616133,0.75
Apa penyebab Busuk Hitam Apel (Black Rot) dan dalam kondisi apa penyakit ini berkembang?,"['Patogen: Botryosphaeria obtusa (tipe: Jamur Ascomycete). Penyebab utama: Spora dari kayu mati, mumi buah, dan kanker batang yang bertahan sepanjang tahun. Kondisi pemicu: Kelembapan tinggi dan suhu hangat (24–29°C), Luka terbuka: bekas pangkasan, lubang serangga, atau kerusakan es, Pohon yang lemah akibat kekurangan nutrisi atau stres kekeringan.', ""Gejala: Bercak 'mata katak' (frog-eye) pada daun: lingkaran cokelat dengan tepi ungu kemerahan"", 'Gejala: Buah membusuk mulai dari ujung mahkota atau luka, membentuk cincin konsentris hitam-cokelat', ""Gejala: Buah busuk mengering menjadi 'mumi' keras berwarna hitam yang menempel di pohon"", 'Gejala: Kanker (canker) gelap memanjang pada ranting dan batang, mengelupas membentuk retakan', 'Gejala: Ranting mati dan mengering dari ujung ke pangkal', 'Penanganan (tipe Kimia — Fungisida Kontak): produk Dithane M-45 (Mankozeb), bahan aktif Mankozeb 80% WP, dosis 1,5–2 g/liter air. Cara: Semprot merata seluruh tajuk pohon, termasuk batang dan ranting.', 'Penanganan (tipe Kimia — Fungisida Sistemik): produk Topsin M 70 WP (Metil Tiofanat), bahan aktif Metil Tiofanat 70%, dosis 1–1,5 g/liter air; untuk olesan luka: buat pasta kental. Cara: Semprot atau oleskan pasta pada bekas pangkasan dan kanker yang telah dibersihkan.', 'Pencegahan: Pangkas dan bakar semua ranting mati, kayu bergejala kanker, dan mumi buah.', 'Pencegahan: Lakukan pemangkasan dorman hanya saat cuaca kering untuk meminimalkan waktu luka terbuka.', 'Pencegahan: Oleskan pasta fungisida atau sealant luka pada setiap bekas potongan diameter > 1 cm.', 'Pencegahan: Gunakan bibit berlabel bebas penyakit dari sumber terpercaya.', 'Pencegahan: Hindari penumpukan kayu sisa pangkasan di dalam kebun.', 'Pencegahan: Jaga nutrisi pohon — pohon sehat lebih tahan terhadap infeksi.', 'Perawatan: Monitor kulit kayu secara rutin untuk deteksi dini kanker; potong hingga jaringan sehat.', 'Perawatan: Sterilkan alat pangkas dengan alkohol 70% atau larutan pemutih 10% antar pohon.', 'Perawatan: Pastikan drainase lahan baik; genangan air memperlemah akar dan meningkatkan kerentanan.', 'Perawatan: Pemberian Kalsium dan Kalium membantu penguatan dinding sel buah.', 'Perawatan: Buang semua mumi buah saat akhir musim sebelum musim hujan berikutnya.', ""Busuk Hitam Apel (Apple Black Rot) disebabkan oleh jamur Botryosphaeria obtusa dan tergolong penyakit tinggi keparahannya. Gejala khas adalah bercak 'mata katak' (frog-eye) pada daun, buah membusuk dengan pola cincin konsentris hitam-cokelat, mumi buah hitam keras, dan kanker pada ranting-batang. Penyakit dipicu oleh kelembapan tinggi (24–29°C) dan luka terbuka pada pohon. Jamur bertahan di kayu mati dan mumi buah sepanjang tahun. Penanganan menggunakan Dithane M-45 (Mankozeb 80%, dosis 1,5–2 g/liter) setiap 7–10 hari sebagai protektan, dan Topsin M 70 WP (Metil Tiofanat 70%, pasta kental) untuk olesan luka pangkasan. Pencegahan: pangkas dan bakar kayu bergejala, oleskan sealant pada luka, gunakan bibit bersih, dan lakukan pemangkasan hanya saat cuaca kering. Perawatan: sterilkan alat pangkas, monitor kulit kayu rutin, pastikan drainase baik, dan buang semua mumi buah di akhir musim.""]","**Penyebab:**  
Busuk Hitam Apel disebabkan oleh jamur *Botryosphaeria obtusa*. Jamur ini menyebar melalui spora yang berada pada kayu mati, mumi buah, dan kanker batang, dan dapat bertahan sepanjang tahun.

**Kondisi yang memicu perkembangan penyakit:**  
- Kelembapan tinggi dan suhu hangat (24 – 29 °C).  
- Luka terbuka pada pohon, seperti bekas pangkasan, lubang serangga, atau kerusakan akibat es.  
- Pohon yang lemah karena kekurangan nutrisi atau stres kekeringan.","Busuk Hitam Apel (Black Rot) disebabkan oleh Jamur Ascomycete Botryosphaeria obtusa. Spora dari kayu mati, mumi buah, dan kanker batang yang bertahan sepanjang tahun. Penyakit ini berkembang pesat pada kondisi: Kelembapan tinggi dan suhu hangat (24–29°C); Luka terbuka: bekas pangkasan, lubang serangga, atau kerusakan es; Pohon yang lemah akibat kekurangan nutrisi atau stres kekeringan.",0.875,0.8765468018536794,0.5499999999725,1.0,0.87240052913595,0.94
Apa saja gejala yang muncul pada tanaman yang terserang Busuk Hitam Apel (Black Rot)?,"['Patogen: Botryosphaeria obtusa (tipe: Jamur Ascomycete). Penyebab utama: Spora dari kayu mati, mumi buah, dan kanker batang yang bertahan sepanjang tahun. Kondisi pemicu: Kelembapan tinggi dan suhu hangat (24–29°C), Luka terbuka: bekas pangkasan, lubang serangga, atau kerusakan es, Pohon yang lemah akibat kekurangan nutrisi atau stres kekeringan.', ""Gejala: Bercak 'mata katak' (frog-eye) pada daun: lingkaran cokelat dengan tepi ungu kemerahan"", 'Gejala: Buah membusuk mulai dari ujung mahkota atau luka, membentuk cincin konsentris hitam-cokelat', ""Gejala: Buah busuk mengering menjadi 'mumi' keras berwarna hitam yang menempel di pohon"", 'Gejala: Kanker (canker) gelap memanjang pada ranting dan batang, mengelupas membentuk retakan', 'Gejala: Ranting mati dan mengering dari ujung ke pangkal', 'Penanganan (tipe Kimia — Fungisida Kontak): produk Dithane M-45 (Mankozeb), bahan aktif Mankozeb 80% WP, dosis 1,5–2 g/liter air. Cara: Semprot merata seluruh tajuk pohon, termasuk batang dan ranting.', 'Penanganan (tipe Kimia — Fungisida Sistemik): produk Topsin M 70 WP (Metil Tiofanat), bahan aktif Metil Tiofanat 70%, dosis 1–1,5 g/liter air; untuk olesan luka: buat pasta kental. Cara: Semprot atau oleskan pasta pada bekas pangkasan dan kanker yang telah dibersihkan.', 'Pencegahan: Pangkas dan bakar semua ranting mati, kayu bergejala kanker, dan mumi buah.', 'Pencegahan: Lakukan pemangkasan dorman hanya saat cuaca kering untuk meminimalkan waktu luka terbuka.', 'Pencegahan: Oleskan pasta fungisida atau sealant luka pada setiap bekas potongan diameter > 1 cm.', 'Pencegahan: Gunakan bibit berlabel bebas penyakit dari sumber terpercaya.', 'Pencegahan: Hindari penumpukan kayu sisa pangkasan di dalam kebun.', 'Pencegahan: Jaga nutrisi pohon — pohon sehat lebih tahan terhadap infeksi.', 'Perawatan: Monitor kulit kayu secara rutin untuk deteksi dini kanker; potong hingga jaringan sehat.', 'Perawatan: Sterilkan alat pangkas dengan alkohol 70% atau larutan pemutih 10% antar pohon.', 'Perawatan: Pastikan drainase lahan baik; genangan air memperlemah akar dan meningkatkan kerentanan.', 'Perawatan: Pemberian Kalsium dan Kalium membantu penguatan dinding sel buah.', 'Perawatan: Buang semua mumi buah saat akhir musim sebelum musim hujan berikutnya.', ""Busuk Hitam Apel (Apple Black Rot) disebabkan oleh jamur Botryosphaeria obtusa dan tergolong penyakit tinggi keparahannya. Gejala khas adalah bercak 'mata katak' (frog-eye) pada daun, buah membusuk dengan pola cincin konsentris hitam-cokelat, mumi buah hitam keras, dan kanker pada ranting-batang. Penyakit dipicu oleh kelembapan tinggi (24–29°C) dan luka terbuka pada pohon. Jamur bertahan di kayu mati dan mumi buah sepanjang tahun. Penanganan menggunakan Dithane M-45 (Mankozeb 80%, dosis 1,5–2 g/liter) setiap 7–10 hari sebagai protektan, dan Topsin M 70 WP (Metil Tiofanat 70%, pasta kental) untuk olesan luka pangkasan. Pencegahan: pangkas dan bakar kayu bergejala, oleskan sealant pada luka, gunakan bibit bersih, dan lakukan pemangkasan hanya saat cuaca kering. Perawatan: sterilkan alat pangkas, monitor kulit kayu rutin, pastikan drainase baik, dan buang semua mumi buah di akhir musim.""]","Gejala‑gejala Busuk Hitam Apel (Black Rot) meliputi:

1. **Bercak “mata katak” pada daun** – lingkaran cokelat dengan tepi berwarna ungu kemerahan.  
2. **Buah membusuk** dimulai dari ujung mahkota atau luka, membentuk cincin konsentris berwarna hitam‑cokelat.  
3. **Buah busuk mengering menjadi “mumi”** keras berwarna hitam yang menempel pada pohon.  
4. **Kanker gelap pada ranting dan batang** yang memanjang, mengelupas, dan membentuk retakan.  
5. **Ranting mati dan mengering** dari ujung ke pangkal.","Gejala Busuk Hitam Apel (Black Rot) meliputi: Bercak 'mata katak' (frog-eye) pada daun: lingkaran cokelat dengan tepi ungu kemerahan; Buah membusuk mulai dari ujung mahkota atau luka, membentuk cincin konsentris hitam-cokelat; Buah busuk mengering menjadi 'mumi' keras berwarna hitam yang menempel di pohon; Kanker (canker) gelap memanjang pada ranting dan batang, mengelupas membentuk retakan; Ranting mati dan mengering dari ujung ke pangkal.",1.0,0.915194586985764,0.907142857129898,1.0,0.9776700005438748,1.0
Bagaimana cara menangani Busuk Hitam Apel (Black Rot) yang sudah terinfeksi?,"['Patogen: Botryosphaeria obtusa (tipe: Jamur Ascomycete). Penyebab utama: Spora dari kayu mati, mumi buah, dan kanker batang yang bertahan sepanjang tahun. Kondisi pemicu: Kelembapan tinggi dan suhu hangat (24–29°C), Luka terbuka: bekas pangkasan, lubang serangga, atau kerusakan es, Pohon yang lemah akibat kekurangan nutrisi atau stres kekeringan.', ""Gejala: Bercak 'mata katak' (frog-eye) pada daun: lingkaran cokelat dengan tepi ungu kemerahan"", 'Gejala: Buah membusuk mulai dari ujung mahkota atau luka, membentuk cincin konsentris hitam-cokelat', ""Gejala: Buah busuk mengering menjadi 'mumi' keras berwarna hitam yang menempel di pohon"", 'Gejala: Kanker (canker) gelap memanjang pada ranting dan batang, mengelupas membentuk retakan', 'Gejala: Ranting mati dan mengering dari ujung ke pangkal', 'Penanganan (tipe Kimia — Fungisida Kontak): produk Dithane M-45 (Mankozeb), bahan aktif Mankozeb 80% WP, dosis 1,5–2 g/liter air. Cara: Semprot merata seluruh tajuk pohon, termasuk batang dan ranting.', 'Penanganan (tipe Kimia — Fungisida Sistemik): produk Topsin M 70 WP (Metil Tiofanat), bahan aktif Metil Tiofanat 70%, dosis 1–1,5 g/liter air; untuk olesan luka: buat pasta kental. Cara: Semprot atau oleskan pasta pada bekas pangkasan dan kanker yang telah dibersihkan.', 'Pencegahan: Pangkas dan bakar semua ranting mati, kayu bergejala kanker, dan mumi buah.', 'Pencegahan: Lakukan pemangkasan dorman hanya saat cuaca kering untuk meminimalkan waktu luka terbuka.', 'Pencegahan: Oleskan pasta fungisida atau sealant luka pada setiap bekas potongan diameter > 1 cm.', 'Pencegahan: Gunakan bibit berlabel bebas penyakit dari sumber terpercaya.', 'Pencegahan: Hindari penumpukan kayu sisa pangkasan di dalam kebun.', 'Pencegahan: Jaga nutrisi pohon — pohon sehat lebih tahan terhadap infeksi.', 'Perawatan: Monitor kulit kayu secara rutin untuk deteksi dini kanker; potong hingga jaringan sehat.', 'Perawatan: Sterilkan alat pangkas dengan alkohol 70% atau larutan pemutih 10% antar pohon.', 'Perawatan: Pastikan drainase lahan baik; genangan air memperlemah akar dan meningkatkan kerentanan.', 'Perawatan: Pemberian Kalsium dan Kalium membantu penguatan dinding sel buah.', 'Perawatan: Buang semua mumi buah saat akhir musim sebelum musim hujan berikutnya.', ""Busuk Hitam Apel (Apple Black Rot) disebabkan oleh jamur Botryosphaeria obtusa dan tergolong penyakit tinggi keparahannya. Gejala khas adalah bercak 'mata katak' (frog-eye) pada daun, buah membusuk dengan pola cincin konsentris hitam-cokelat, mumi buah hitam keras, dan kanker pada ranting-batang. Penyakit dipicu oleh kelembapan tinggi (24–29°C) dan luka terbuka pada pohon. Jamur bertahan di kayu mati dan mumi buah sepanjang tahun. Penanganan menggunakan Dithane M-45 (Mankozeb 80%, dosis 1,5–2 g/liter) setiap 7–10 hari sebagai protektan, dan Topsin M 70 WP (Metil Tiofanat 70%, pasta kental) untuk olesan luka pangkasan. Pencegahan: pangkas dan bakar kayu bergejala, oleskan sealant pada luka, gunakan bibit bersih, dan lakukan pemangkasan hanya saat cuaca kering. Perawatan: sterilkan alat pangkas, monitor kulit kayu rutin, pastikan drainase baik, dan buang semua mumi buah di akhir musim.""]","**Penanganan Busuk Hitam Apel yang sudah terinfeksi**

1. **Fungisida Kontak – Dithane M‑45 (Mankozeb 80 % WP)**  
   - **Dosis:** 1,5 – 2 g per liter air.  
   - **Cara pakai:** Semprot merata seluruh tajuk pohon, termasuk batang dan ranting.  
   - **Frekuensi:** Ulangi aplikasi setiap 7 – 10 hari sebagai protektan.

2. **Fungisida Sistemik – Topsin M 70 WP (Metil Tiofanat 70 %)**  
   - **Dosis:** 1 – 1,5 g per liter air.  
   - **Cara pakai:**  
     - Bersihkan luka, pangkasan, atau kanker yang terinfeksi.  
     - Buat pasta kental dengan larutan di atas, lalu oleskan langsung pada bekas luka/pangkasan.  
   - **Catatan:** Olesan pasta dapat dilakukan sekali, kemudian pantau perkembangan penyakit.

Dengan melakukan kedua langkah di atas secara rutin, infeksi jamur **Botryosphaeria obtusa** dapat dikendalikan dan penyebaran ke bagian tanaman lain dapat diminimalkan. Pastikan juga luka sudah bersih sebelum aplikasi agar fungisida dapat bekerja maksimal.","Penanganan Busuk Hitam Apel (Black Rot) dapat dilakukan dengan: Dithane M-45 (Mankozeb) (Mankozeb 80% WP, dosis 1,5–2 g/liter air) — cara: Semprot merata seluruh tajuk pohon, termasuk batang dan ranting; waktu: Mulai pembengkakan tunas; ulangi setiap 7–10 hari selama cuaca lembap; Topsin M 70 WP (Metil Tiofanat) (Metil Tiofanat 70%, dosis 1–1,5 g/liter air; untuk olesan luka: buat pasta kental) — cara: Semprot atau oleskan pasta pada bekas pangkasan dan kanker yang telah dibersihkan; waktu: Segera setelah pemangkasan atau saat deteksi kanker awal.",1.0,0.883401244672572,0.46517857141694197,0.5,0.809167734442464,0.81
Bagaimana cara mencegah serangan Busuk Hitam Apel (Black Rot)?,"['Patogen: Botryosphaeria obtusa (tipe: Jamur Ascomycete). Penyebab utama: Spora dari kayu mati, mumi buah, dan kanker batang yang bertahan sepanjang tahun. Kondisi pemicu: Kelembapan tinggi dan suhu hangat (24–29°C), Luka terbuka: bekas pangkasan, lubang serangga, atau kerusakan es, Pohon yang lemah akibat kekurangan nutrisi atau stres kekeringan.', ""Gejala: Bercak 'mata katak' (frog-eye) pada daun: lingkaran cokelat dengan tepi ungu kemerahan"", 'Gejala: Buah membusuk mulai dari ujung mahkota atau luka, membentuk cincin konsentris hitam-cokelat', ""Gejala: Buah busuk mengering menjadi 'mumi' keras berwarna hitam yang menempel di pohon"", 'Gejala: Kanker (canker) gelap memanjang pada ranting dan batang, mengelupas membentuk retakan', 'Gejala: Ranting mati dan mengering dari ujung ke pangkal', 'Penanganan (tipe Kimia — Fungisida Kontak): produk Dithane M-45 (Mankozeb), bahan aktif Mankozeb 80% WP, dosis 1,5–2 g/liter air. Cara: Semprot merata seluruh tajuk pohon, termasuk batang dan ranting.', 'Penanganan (tipe Kimia — Fungisida Sistemik): produk Topsin M 70 WP (Metil Tiofanat), bahan aktif Metil Tiofanat 70%, dosis 1–1,5 g/liter air; untuk olesan luka: buat pasta kental. Cara: Semprot atau oleskan pasta pada bekas pangkasan dan kanker yang telah dibersihkan.', 'Pencegahan: Pangkas dan bakar semua ranting mati, kayu bergejala kanker, dan mumi buah.', 'Pencegahan: Lakukan pemangkasan dorman hanya saat cuaca kering untuk meminimalkan waktu luka terbuka.', 'Pencegahan: Oleskan pasta fungisida atau sealant luka pada setiap bekas potongan diameter > 1 cm.', 'Pencegahan: Gunakan bibit berlabel bebas penyakit dari sumber terpercaya.', 'Pencegahan: Hindari penumpukan kayu sisa pangkasan di dalam kebun.', 'Pencegahan: Jaga nutrisi pohon — pohon sehat lebih tahan terhadap infeksi.', 'Perawatan: Monitor kulit kayu secara rutin untuk deteksi dini kanker; potong hingga jaringan sehat.', 'Perawatan: Sterilkan alat pangkas dengan alkohol 70% atau larutan pemutih 10% antar pohon.', 'Perawatan: Pastikan drainase lahan baik; genangan air memperlemah akar dan meningkatkan kerentanan.', 'Perawatan: Pemberian Kalsium dan Kalium membantu penguatan dinding sel buah.', 'Perawatan: Buang semua mumi buah saat akhir musim sebelum musim hujan berikutnya.', ""Busuk Hitam Apel (Apple Black Rot) disebabkan oleh jamur Botryosphaeria obtusa dan tergolong penyakit tinggi keparahannya. Gejala khas adalah bercak 'mata katak' (frog-eye) pada daun, buah membusuk dengan pola cincin konsentris hitam-cokelat, mumi buah hitam keras, dan kanker pada ranting-batang. Penyakit dipicu oleh kelembapan tinggi (24–29°C) dan luka terbuka pada pohon. Jamur bertahan di kayu mati dan mumi buah sepanjang tahun. Penanganan menggunakan Dithane M-45 (Mankozeb 80%, dosis 1,5–2 g/liter) setiap 7–10 hari sebagai protektan, dan Topsin M 70 WP (Metil Tiofanat 70%, pasta kental) untuk olesan luka pangkasan. Pencegahan: pangkas dan bakar kayu bergejala, oleskan sealant pada luka, gunakan bibit bersih, dan lakukan pemangkasan hanya saat cuaca kering. Perawatan: sterilkan alat pangkas, monitor kulit kayu rutin, pastikan drainase baik, dan buang semua mumi buah di akhir musim.""]","**Cara mencegah serangan Busuk Hitam Apel (Black Rot):**

1. Pangkas dan bakar semua ranting mati, kayu yang menunjukkan kanker, serta mumi buah.
2. Lakukan pemangkasan pada masa dorman hanya saat cuaca kering untuk mengurangi lama luka terbuka.
3. Oleskan pasta fungisida atau sealant pada setiap bekas potongan dengan diameter > 1 cm.
4. Gunakan bibit yang berlabel bebas penyakit dari sumber terpercaya.
5. Hindari penumpukan kayu sisa pangkasan di dalam kebun.
6. Jaga nutrisi pohon agar tetap sehat, sehingga lebih tahan terhadap infeksi.","Pencegahan Busuk Hitam Apel (Black Rot) meliputi: Pangkas dan bakar semua ranting mati, kayu bergejala kanker, dan mumi buah. Lakukan pemangkasan dorman hanya saat cuaca kering untuk meminimalkan waktu luka terbuka. Oleskan pasta fungisida atau sealant luka pada setiap bekas potongan diameter > 1 cm. Gunakan bibit berlabel bebas penyakit dari sumber terpercaya. Hindari penumpukan kayu sisa pangkasan di dalam kebun. Jaga nutrisi pohon — pohon sehat lebih tahan terhadap infeksi.",1.0,0.8218937198508405,0.5492188367133446,1.0,0.9641172735476804,1.0
Perawatan apa yang perlu dilakukan pada tanaman untuk mendukung pemulihan dan ketahanan terhadap Busuk Hitam Apel (Black Rot)?,"['Patogen: Botryosphaeria obtusa (tipe: Jamur Ascomycete). Penyebab utama: Spora dari kayu mati, mumi buah, dan kanker batang yang bertahan sepanjang tahun. Kondisi pemicu: Kelembapan tinggi dan suhu hangat (24–29°C), Luka terbuka: bekas pangkasan, lubang serangga, atau kerusakan es, Pohon yang lemah akibat kekurangan nutrisi atau stres kekeringan.', ""Gejala: Bercak 'mata katak' (frog-eye) pada daun: lingkaran cokelat dengan tepi ungu kemerahan"", 'Gejala: Buah membusuk mulai dari ujung mahkota atau luka, membentuk cincin konsentris hitam-cokelat', ""Gejala: Buah busuk mengering menjadi 'mumi' keras berwarna hitam yang menempel di pohon"", 'Gejala: Kanker (canker) gelap memanjang pada ranting dan batang, mengelupas membentuk retakan', 'Gejala: Ranting mati dan mengering dari ujung ke pangkal', 'Penanganan (tipe Kimia — Fungisida Kontak): produk Dithane M-45 (Mankozeb), bahan aktif Mankozeb 80% WP, dosis 1,5–2 g/liter air. Cara: Semprot merata seluruh tajuk pohon, termasuk batang dan ranting.', 'Penanganan (tipe Kimia — Fungisida Sistemik): produk Topsin M 70 WP (Metil Tiofanat), bahan aktif Metil Tiofanat 70%, dosis 1–1,5 g/liter air; untuk olesan luka: buat pasta kental. Cara: Semprot atau oleskan pasta pada bekas pangkasan dan kanker yang telah dibersihkan.', 'Pencegahan: Pangkas dan bakar semua ranting mati, kayu bergejala kanker, dan mumi buah.', 'Pencegahan: Lakukan pemangkasan dorman hanya saat cuaca kering untuk meminimalkan waktu luka terbuka.', 'Pencegahan: Oleskan pasta fungisida atau sealant luka pada setiap bekas potongan diameter > 1 cm.', 'Pencegahan: Gunakan bibit berlabel bebas penyakit dari sumber terpercaya.', 'Pencegahan: Hindari penumpukan kayu sisa pangkasan di dalam kebun.', 'Pencegahan: Jaga nutrisi pohon — pohon sehat lebih tahan terhadap infeksi.', 'Perawatan: Monitor kulit kayu secara rutin untuk deteksi dini kanker; potong hingga jaringan sehat.', 'Perawatan: Sterilkan alat pangkas dengan alkohol 70% atau larutan pemutih 10% antar pohon.', 'Perawatan: Pastikan drainase lahan baik; genangan air memperlemah akar dan meningkatkan kerentanan.', 'Perawatan: Pemberian Kalsium dan Kalium membantu penguatan dinding sel buah.', 'Perawatan: Buang semua mumi buah saat akhir musim sebelum musim hujan berikutnya.', ""Busuk Hitam Apel (Apple Black Rot) disebabkan oleh jamur Botryosphaeria obtusa dan tergolong penyakit tinggi keparahannya. Gejala khas adalah bercak 'mata katak' (frog-eye) pada daun, buah membusuk dengan pola cincin konsentris hitam-cokelat, mumi buah hitam keras, dan kanker pada ranting-batang. Penyakit dipicu oleh kelembapan tinggi (24–29°C) dan luka terbuka pada pohon. Jamur bertahan di kayu mati dan mumi buah sepanjang tahun. Penanganan menggunakan Dithane M-45 (Mankozeb 80%, dosis 1,5–2 g/liter) setiap 7–10 hari sebagai protektan, dan Topsin M 70 WP (Metil Tiofanat 70%, pasta kental) untuk olesan luka pangkasan. Pencegahan: pangkas dan bakar kayu bergejala, oleskan sealant pada luka, gunakan bibit bersih, dan lakukan pemangkasan hanya saat cuaca kering. Perawatan: sterilkan alat pangkas, monitor kulit kayu rutin, pastikan drainase baik, dan buang semua mumi buah di akhir musim.""]","Berikut perawatan yang dapat dilakukan untuk membantu pemulihan dan meningkatkan ketahanan pohon apel terhadap Busuk Hitam Apel:

- **Pantau kulit kayu secara rutin** – periksa adanya kanker atau jaringan mati, lalu potong hingga jaringan yang sehat.
- **Sterilkan alat pangkas** setiap selesai memotong satu pohon dengan alkohol 70 % atau larutan pemutih 10 % sebelum menyentuh pohon berikutnya.
- **Pastikan drainase lahan baik** – hindari genangan air yang dapat memperlemah akar dan memicu infeksi.
- **Berikan pupuk kalsium dan kalium** secara teratur untuk memperkuat dinding sel buah dan meningkatkan ketahanan tanaman.
- **Buang semua mumi buah** (buah mati keras berwarna hitam) pada akhir musim sebelum musim hujan berikutnya, agar tidak menjadi sumber spora jamur.
- **Jaga nutrisi pohon secara keseluruhan** – pohon yang sehat lebih tahan terhadap infeksi (misalnya pemupukan seimbang dan penyiraman yang cukup).",Perawatan untuk tanaman yang terserang atau rentan Busuk Hitam Apel (Black Rot) meliputi: Monitor kulit kayu secara rutin untuk deteksi dini kanker; potong hingga jaringan sehat. Sterilkan alat pangkas dengan alkohol 70% atau larutan pemutih 10% antar pohon. Pastikan drainase lahan baik; genangan air memperlemah akar dan meningkatkan kerentanan. Pemberian Kalsium dan Kalium membantu penguatan dinding sel buah. Buang semua mumi buah saat akhir musim sebelum musim hujan berikutnya.,0.8823529411764706,0.9028699930754222,0.4643385424298742,1.0,0.8298747951351628,0.75
Apa penyebab Karat Apel (Cedar Apple Rust) dan dalam kondisi apa penyakit ini berkembang?,"['Patogen: Gymnosporangium juniperi-virginianae (tipe: Jamur Basidiomycete (patogen heteroecious — butuh dua inang)). Penyebab utama: Spora dari teliospora (galls) pada pohon Cedar/Juniper yang menyebar via angin ke apel saat musim semi basah. Kondisi pemicu: Musim semi basah dengan suhu 10–20°C, Keberadaan pohon Juniper atau Cedar dalam radius 500 meter dari kebun apel, Hujan dan angin saat pohon Juniper berbuah (galls oranye gelatin).', 'Gejala: Bercak oranye-kuning cerah di sisi atas daun, berdiameter 1–2 cm', 'Gejala: Bagian bawah bercak tumbuh struktur tubular seperti jari (aecia) berwarna oranye', 'Gejala: Bercak oranye pada buah muda dekat ujung bunga', 'Gejala: Daun terinfeksi parah menguning dan gugur lebih awal', 'Gejala: Deformasi buah pada infeksi berat', 'Penanganan (tipe Kimia — Fungisida Sistemik Kombinasi): produk Nativo 75 WG (Tebukonazol + Trifloksistrobin), bahan aktif Tebukonazol 50% + Trifloksistrobin 25%, dosis 0,5 g/liter air. Cara: Semprot merata ke seluruh kanopi, fokus pada daun baru dan buah muda.', 'Penanganan (tipe Kimia — Fungisida Sistemik DMI): produk Score 250 EC (Difenokonazol), bahan aktif Difenokonazol 250 g/L, dosis 0,25–0,5 ml/liter air. Cara: Semprot merata daun dan tunas muda.', 'Pencegahan: Hindari menanam apel dalam radius 500 meter dari pohon Juniper atau Cedar (inang alternasif wajib).', 'Pencegahan: Tanam varietas apel tahan karat (rust-resistant) seperti Redfree, Liberty, Goldrush.', 'Pencegahan: Musnahkan galls (benjolan gelatin oranye) dari pohon Juniper di sekitar kebun sebelum musim semi.', 'Pencegahan: Semprot fungisida preventif DMI sebelum kuncup mekar saat prakiraan cuaca basah.', 'Pencegahan: Tingkatkan sirkulasi udara dengan pemangkasan rutin.', 'Perawatan: Aplikasikan fungisida sistemik segera setelah hujan musim semi yang pertama untuk proteksi kuratif.', 'Perawatan: Berikan pupuk Seng (Zn) dan Boron (B) untuk memperkuat dinding sel daun.', 'Perawatan: Monitor intensif dari fase pink bud hingga 4–6 minggu setelah berbunga.', 'Perawatan: Catat lokasi pohon Juniper terdekat dan jadikan referensi untuk penentuan waktu semprot.', 'Perawatan: Lakukan sanitasi kebun di akhir musim untuk mengurangi inokulum.', 'Karat Apel (Cedar Apple Rust) disebabkan oleh jamur Gymnosporangium juniperi-virginianae yang unik karena membutuhkan dua inang: apel dan pohon Cedar/Juniper. Gejala: bercak oranye-kuning cerah di sisi atas daun, struktur tubular oranye di sisi bawah (aecia), dan bercak buah. Penyakit dipicu musim semi basah (10–20°C) dan keberadaan Juniper dalam radius 500 m. Penanganan menggunakan Nativo 75 WG (Tebukonazol + Trifloksistrobin, dosis 0,5 g/liter) interval 7–10 hari sejak pink bud, atau Score 250 EC (Difenokonazol, 0,25–0,5 ml/liter) saat gejala awal. Pencegahan kunci: jangan tanam apel dekat Juniper, gunakan varietas tahan karat, dan musnahkan galls Juniper sebelum musim semi. Perawatan: pupuk Zn dan B untuk kekuatan sel daun, monitoring intensif fase pink bud hingga 6 minggu pascabunga.']","**Penyebab:**  
Karat Apel disebabkan oleh jamur *Gymnosporangium juniperi‑virginianae*. Jamur ini menghasilkan spora dari teliospora (galls) pada pohon Cedar/Juniper, yang kemudian terbawa angin ke tanaman apel.

**Kondisi yang memicu perkembangan penyakit:**  
- Musim semi yang basah dengan suhu 10 – 20 °C.  
- Keberadaan pohon Juniper atau Cedar dalam radius sekitar 500 meter dari kebun apel.  
- Hujan dan angin pada saat galls (benjolan gelatin oranye) pada pohon Juniper berbuah, sehingga spora dapat tersebar ke daun dan buah apel.",Karat Apel (Cedar Apple Rust) disebabkan oleh Jamur Basidiomycete (patogen heteroecious — butuh dua inang) Gymnosporangium juniperi-virginianae. Spora dari teliospora (galls) pada pohon Cedar/Juniper yang menyebar via angin ke apel saat musim semi basah. Penyakit ini berkembang pesat pada kondisi: Musim semi basah dengan suhu 10–20°C; Keberadaan pohon Juniper atau Cedar dalam radius 500 meter dari kebun apel; Hujan dan angin saat pohon Juniper berbuah (galls oranye gelatin).,1.0,0.745777443544243,0.4600389863394412,1.0,0.8562431745222894,0.92
Apa saja gejala yang muncul pada tanaman yang terserang Karat Apel (Cedar Apple Rust)?,"['Patogen: Gymnosporangium juniperi-virginianae (tipe: Jamur Basidiomycete (patogen heteroecious — butuh dua inang)). Penyebab utama: Spora dari teliospora (galls) pada pohon Cedar/Juniper yang menyebar via angin ke apel saat musim semi basah. Kondisi pemicu: Musim semi basah dengan suhu 10–20°C, Keberadaan pohon Juniper atau Cedar dalam radius 500 meter dari kebun apel, Hujan dan angin saat pohon Juniper berbuah (galls oranye gelatin).', 'Gejala: Bercak oranye-kuning cerah di sisi atas daun, berdiameter 1–2 cm', 'Gejala: Bagian bawah bercak tumbuh struktur tubular seperti jari (aecia) berwarna oranye', 'Gejala: Bercak oranye pada buah muda dekat ujung bunga', 'Gejala: Daun terinfeksi parah menguning dan gugur lebih awal', 'Gejala: Deformasi buah pada infeksi berat', 'Penanganan (tipe Kimia — Fungisida Sistemik Kombinasi): produk Nativo 75 WG (Tebukonazol + Trifloksistrobin), bahan aktif Tebukonazol 50% + Trifloksistrobin 25%, dosis 0,5 g/liter air. Cara: Semprot merata ke seluruh kanopi, fokus pada daun baru dan buah muda.', 'Penanganan (tipe Kimia — Fungisida Sistemik DMI): produk Score 250 EC (Difenokonazol), bahan aktif Difenokonazol 250 g/L, dosis 0,25–0,5 ml/liter air. Cara: Semprot merata daun dan tunas muda.', 'Pencegahan: Hindari menanam apel dalam radius 500 meter dari pohon Juniper atau Cedar (inang alternasif wajib).', 'Pencegahan: Tanam varietas apel tahan karat (rust-resistant) seperti Redfree, Liberty, Goldrush.', 'Pencegahan: Musnahkan galls (benjolan gelatin oranye) dari pohon Juniper di sekitar kebun sebelum musim semi.', 'Pencegahan: Semprot fungisida preventif DMI sebelum kuncup mekar saat prakiraan cuaca basah.', 'Pencegahan: Tingkatkan sirkulasi udara dengan pemangkasan rutin.', 'Perawatan: Aplikasikan fungisida sistemik segera setelah hujan musim semi yang pertama untuk proteksi kuratif.', 'Perawatan: Berikan pupuk Seng (Zn) dan Boron (B) untuk memperkuat dinding sel daun.', 'Perawatan: Monitor intensif dari fase pink bud hingga 4–6 minggu setelah berbunga.', 'Perawatan: Catat lokasi pohon Juniper terdekat dan jadikan referensi untuk penentuan waktu semprot.', 'Perawatan: Lakukan sanitasi kebun di akhir musim untuk mengurangi inokulum.', 'Karat Apel (Cedar Apple Rust) disebabkan oleh jamur Gymnosporangium juniperi-virginianae yang unik karena membutuhkan dua inang: apel dan pohon Cedar/Juniper. Gejala: bercak oranye-kuning cerah di sisi atas daun, struktur tubular oranye di sisi bawah (aecia), dan bercak buah. Penyakit dipicu musim semi basah (10–20°C) dan keberadaan Juniper dalam radius 500 m. Penanganan menggunakan Nativo 75 WG (Tebukonazol + Trifloksistrobin, dosis 0,5 g/liter) interval 7–10 hari sejak pink bud, atau Score 250 EC (Difenokonazol, 0,25–0,5 ml/liter) saat gejala awal. Pencegahan kunci: jangan tanam apel dekat Juniper, gunakan varietas tahan karat, dan musnahkan galls Juniper sebelum musim semi. Perawatan: pupuk Zn dan B untuk kekuatan sel daun, monitoring intensif fase pink bud hingga 6 minggu pascabunga.']","Berikut gejala yang muncul pada tanaman apel yang terserang Karat Apel (Cedar Apple Rust):

1. **Bercak oranye‑kuning cerah** pada sisi atas daun, berdiameter 1–2 cm.  
2. Pada sisi bawah bercak, muncul **struktur tubular seperti jari (aecia)** berwarna oranye.  
3. **Bercak oranye** muncul pada buah muda, biasanya dekat ujung bunga.  
4. Daun yang terinfeksi parah **menguning dan gugur lebih awal**.  
5. Pada infeksi berat, buah dapat mengalami **deformasi**.","Gejala Karat Apel (Cedar Apple Rust) meliputi: Bercak oranye-kuning cerah di sisi atas daun, berdiameter 1–2 cm; Bagian bawah bercak tumbuh struktur tubular seperti jari (aecia) berwarna oranye; Bercak oranye pada buah muda dekat ujung bunga; Daun terinfeksi parah menguning dan gugur lebih awal; Deformasi buah pada infeksi berat.",1.0,0.9043391851030655,0.9097744360772287,1.0,0.9565624459038466,1.0
Bagaimana cara menangani Karat Apel (Cedar Apple Rust) yang sudah terinfeksi?,"['Patogen: Gymnosporangium juniperi-virginianae (tipe: Jamur Basidiomycete (patogen heteroecious — butuh dua inang)). Penyebab utama: Spora dari teliospora (galls) pada pohon Cedar/Juniper yang menyebar via angin ke apel saat musim semi basah. Kondisi pemicu: Musim semi basah dengan suhu 10–20°C, Keberadaan pohon Juniper atau Cedar dalam radius 500 meter dari kebun apel, Hujan dan angin saat pohon Juniper berbuah (galls oranye gelatin).', 'Gejala: Bercak oranye-kuning cerah di sisi atas daun, berdiameter 1–2 cm', 'Gejala: Bagian bawah bercak tumbuh struktur tubular seperti jari (aecia) berwarna oranye', 'Gejala: Bercak oranye pada buah muda dekat ujung bunga', 'Gejala: Daun terinfeksi parah menguning dan gugur lebih awal', 'Gejala: Deformasi buah pada infeksi berat', 'Penanganan (tipe Kimia — Fungisida Sistemik Kombinasi): produk Nativo 75 WG (Tebukonazol + Trifloksistrobin), bahan aktif Tebukonazol 50% + Trifloksistrobin 25%, dosis 0,5 g/liter air. Cara: Semprot merata ke seluruh kanopi, fokus pada daun baru dan buah muda.', 'Penanganan (tipe Kimia — Fungisida Sistemik DMI): produk Score 250 EC (Difenokonazol), bahan aktif Difenokonazol 250 g/L, dosis 0,25–0,5 ml/liter air. Cara: Semprot merata daun dan tunas muda.', 'Pencegahan: Hindari menanam apel dalam radius 500 meter dari pohon Juniper atau Cedar (inang alternasif wajib).', 'Pencegahan: Tanam varietas apel tahan karat (rust-resistant) seperti Redfree, Liberty, Goldrush.', 'Pencegahan: Musnahkan galls (benjolan gelatin oranye) dari pohon Juniper di sekitar kebun sebelum musim semi.', 'Pencegahan: Semprot fungisida preventif DMI sebelum kuncup mekar saat prakiraan cuaca basah.', 'Pencegahan: Tingkatkan sirkulasi udara dengan pemangkasan rutin.', 'Perawatan: Aplikasikan fungisida sistemik segera setelah hujan musim semi yang pertama untuk proteksi kuratif.', 'Perawatan: Berikan pupuk Seng (Zn) dan Boron (B) untuk memperkuat dinding sel daun.', 'Perawatan: Monitor intensif dari fase pink bud hingga 4–6 minggu setelah berbunga.', 'Perawatan: Catat lokasi pohon Juniper terdekat dan jadikan referensi untuk penentuan waktu semprot.', 'Perawatan: Lakukan sanitasi kebun di akhir musim untuk mengurangi inokulum.', 'Karat Apel (Cedar Apple Rust) disebabkan oleh jamur Gymnosporangium juniperi-virginianae yang unik karena membutuhkan dua inang: apel dan pohon Cedar/Juniper. Gejala: bercak oranye-kuning cerah di sisi atas daun, struktur tubular oranye di sisi bawah (aecia), dan bercak buah. Penyakit dipicu musim semi basah (10–20°C) dan keberadaan Juniper dalam radius 500 m. Penanganan menggunakan Nativo 75 WG (Tebukonazol + Trifloksistrobin, dosis 0,5 g/liter) interval 7–10 hari sejak pink bud, atau Score 250 EC (Difenokonazol, 0,25–0,5 ml/liter) saat gejala awal. Pencegahan kunci: jangan tanam apel dekat Juniper, gunakan varietas tahan karat, dan musnahkan galls Juniper sebelum musim semi. Perawatan: pupuk Zn dan B untuk kekuatan sel daun, monitoring intensif fase pink bud hingga 6 minggu pascabunga.']","**Penanganan Karat Apel yang sudah terinfeksi**

1. **Aplikasikan fungisida sistemik segera**  
   - **Nativo 75 WG** (Tebukonazol 50 % + Trifloksistrobin 25 %): semprot merata seluruh kanopi, terutama daun baru dan buah muda, dengan dosis **0,5 g per liter air**.  
   - **Score 250 EC** (Difenokonazol 250 g/L): semprot merata daun dan tunas muda dengan dosis **0,25–0,5 ml per liter air**.  

2. **Ulangi aplikasi** setiap **7–10 hari** selama periode risiko (dari fase pink bud hingga 4–6 minggu setelah berbunga), atau segera setelah hujan pertama musim semi.

3. **Perawatan lanjutan** setelah aplikasi fungisida:  
   - Beri pupuk **Seng (Zn)** dan **Boron (B)** untuk memperkuat dinding sel daun.  
   - Lakukan monitoring intensif pada daun, tunas, dan buah selama fase pink bud hingga 6 minggu pascabunga untuk memastikan tidak ada perkembangan gejala baru.  

Ikuti langkah‑langkah di atas secara konsisten untuk menghentikan penyebaran karat pada pohon yang sudah terinfeksi.","Penanganan Karat Apel (Cedar Apple Rust) dapat dilakukan dengan: Nativo 75 WG (Tebukonazol + Trifloksistrobin) (Tebukonazol 50% + Trifloksistrobin 25%, dosis 0,5 g/liter air) — cara: Semprot merata ke seluruh kanopi, fokus pada daun baru dan buah muda; waktu: Mulai fase tunas hijau (pink bud) hingga 4 minggu setelah kelopak jatuh; interval 7–10 hari; Score 250 EC (Difenokonazol) (Difenokonazol 250 g/L, dosis 0,25–0,5 ml/liter air) — cara: Semprot merata daun dan tunas muda; waktu: Saat deteksi gejala awal; aplikasi 2–3 kali di musim semi.",1.0,0.9270788979371948,0.4419172932242444,1.0,0.8033491684080153,0.44
Bagaimana cara mencegah serangan Karat Apel (Cedar Apple Rust)?,"['Patogen: Gymnosporangium juniperi-virginianae (tipe: Jamur Basidiomycete (patogen heteroecious — butuh dua inang)). Penyebab utama: Spora dari teliospora (galls) pada pohon Cedar/Juniper yang menyebar via angin ke apel saat musim semi basah. Kondisi pemicu: Musim semi basah dengan suhu 10–20°C, Keberadaan pohon Juniper atau Cedar dalam radius 500 meter dari kebun apel, Hujan dan angin saat pohon Juniper berbuah (galls oranye gelatin).', 'Gejala: Bercak oranye-kuning cerah di sisi atas daun, berdiameter 1–2 cm', 'Gejala: Bagian bawah bercak tumbuh struktur tubular seperti jari (aecia) berwarna oranye', 'Gejala: Bercak oranye pada buah muda dekat ujung bunga', 'Gejala: Daun terinfeksi parah menguning dan gugur lebih awal', 'Gejala: Deformasi buah pada infeksi berat', 'Penanganan (tipe Kimia — Fungisida Sistemik Kombinasi): produk Nativo 75 WG (Tebukonazol + Trifloksistrobin), bahan aktif Tebukonazol 50% + Trifloksistrobin 25%, dosis 0,5 g/liter air. Cara: Semprot merata ke seluruh kanopi, fokus pada daun baru dan buah muda.', 'Penanganan (tipe Kimia — Fungisida Sistemik DMI): produk Score 250 EC (Difenokonazol), bahan aktif Difenokonazol 250 g/L, dosis 0,25–0,5 ml/liter air. Cara: Semprot merata daun dan tunas muda.', 'Pencegahan: Hindari menanam apel dalam radius 500 meter dari pohon Juniper atau Cedar (inang alternasif wajib).', 'Pencegahan: Tanam varietas apel tahan karat (rust-resistant) seperti Redfree, Liberty, Goldrush.', 'Pencegahan: Musnahkan galls (benjolan gelatin oranye) dari pohon Juniper di sekitar kebun sebelum musim semi.', 'Pencegahan: Semprot fungisida preventif DMI sebelum kuncup mekar saat prakiraan cuaca basah.', 'Pencegahan: Tingkatkan sirkulasi udara dengan pemangkasan rutin.', 'Perawatan: Aplikasikan fungisida sistemik segera setelah hujan musim semi yang pertama untuk proteksi kuratif.', 'Perawatan: Berikan pupuk Seng (Zn) dan Boron (B) untuk memperkuat dinding sel daun.', 'Perawatan: Monitor intensif dari fase pink bud hingga 4–6 minggu setelah berbunga.', 'Perawatan: Catat lokasi pohon Juniper terdekat dan jadikan referensi untuk penentuan waktu semprot.', 'Perawatan: Lakukan sanitasi kebun di akhir musim untuk mengurangi inokulum.', 'Karat Apel (Cedar Apple Rust) disebabkan oleh jamur Gymnosporangium juniperi-virginianae yang unik karena membutuhkan dua inang: apel dan pohon Cedar/Juniper. Gejala: bercak oranye-kuning cerah di sisi atas daun, struktur tubular oranye di sisi bawah (aecia), dan bercak buah. Penyakit dipicu musim semi basah (10–20°C) dan keberadaan Juniper dalam radius 500 m. Penanganan menggunakan Nativo 75 WG (Tebukonazol + Trifloksistrobin, dosis 0,5 g/liter) interval 7–10 hari sejak pink bud, atau Score 250 EC (Difenokonazol, 0,25–0,5 ml/liter) saat gejala awal. Pencegahan kunci: jangan tanam apel dekat Juniper, gunakan varietas tahan karat, dan musnahkan galls Juniper sebelum musim semi. Perawatan: pupuk Zn dan B untuk kekuatan sel daun, monitoring intensif fase pink bud hingga 6 minggu pascabunga.']","Berikut cara mencegah serangan Karat Apel (Cedar Apple Rust):

1. **Jauhkan kebun apel dari pohon Juniper/Cedar** – jangan menanam apel dalam radius 500 meter dari inang alternatif tersebut.  
2. **Tanam varietas apel yang tahan karat** – misalnya Redfree, Liberty, atau Goldrush.  
3. **Musnahkan galls (benjolan gelatin oranye) pada pohon Juniper** di sekitar kebun sebelum musim semi tiba.  
4. **Semprot fungisida preventif DMI** (misalnya Score 250 EC) sebelum kuncup mekar, terutama bila prakiraan cuaca basah.  
5. **Tingkatkan sirkulasi udara** dengan pemangkasan rutin pada pohon apel.","Pencegahan Karat Apel (Cedar Apple Rust) meliputi: Hindari menanam apel dalam radius 500 meter dari pohon Juniper atau Cedar (inang alternasif wajib). Tanam varietas apel tahan karat (rust-resistant) seperti Redfree, Liberty, Goldrush. Musnahkan galls (benjolan gelatin oranye) dari pohon Juniper di sekitar kebun sebelum musim semi. Semprot fungisida preventif DMI sebelum kuncup mekar saat prakiraan cuaca basah. Tingkatkan sirkulasi udara dengan pemangkasan rutin.",1.0,0.8638561687265116,0.5358906038671056,1.0,0.9437032054278753,0.89
Perawatan apa yang perlu dilakukan pada tanaman untuk mendukung pemulihan dan ketahanan terhadap Karat Apel (Cedar Apple Rust)?,"['Patogen: Gymnosporangium juniperi-virginianae (tipe: Jamur Basidiomycete (patogen heteroecious — butuh dua inang)). Penyebab utama: Spora dari teliospora (galls) pada pohon Cedar/Juniper yang menyebar via angin ke apel saat musim semi basah. Kondisi pemicu: Musim semi basah dengan suhu 10–20°C, Keberadaan pohon Juniper atau Cedar dalam radius 500 meter dari kebun apel, Hujan dan angin saat pohon Juniper berbuah (galls oranye gelatin).', 'Gejala: Bercak oranye-kuning cerah di sisi atas daun, berdiameter 1–2 cm', 'Gejala: Bagian bawah bercak tumbuh struktur tubular seperti jari (aecia) berwarna oranye', 'Gejala: Bercak oranye pada buah muda dekat ujung bunga', 'Gejala: Daun terinfeksi parah menguning dan gugur lebih awal', 'Gejala: Deformasi buah pada infeksi berat', 'Penanganan (tipe Kimia — Fungisida Sistemik Kombinasi): produk Nativo 75 WG (Tebukonazol + Trifloksistrobin), bahan aktif Tebukonazol 50% + Trifloksistrobin 25%, dosis 0,5 g/liter air. Cara: Semprot merata ke seluruh kanopi, fokus pada daun baru dan buah muda.', 'Penanganan (tipe Kimia — Fungisida Sistemik DMI): produk Score 250 EC (Difenokonazol), bahan aktif Difenokonazol 250 g/L, dosis 0,25–0,5 ml/liter air. Cara: Semprot merata daun dan tunas muda.', 'Pencegahan: Hindari menanam apel dalam radius 500 meter dari pohon Juniper atau Cedar (inang alternasif wajib).', 'Pencegahan: Tanam varietas apel tahan karat (rust-resistant) seperti Redfree, Liberty, Goldrush.', 'Pencegahan: Musnahkan galls (benjolan gelatin oranye) dari pohon Juniper di sekitar kebun sebelum musim semi.', 'Pencegahan: Semprot fungisida preventif DMI sebelum kuncup mekar saat prakiraan cuaca basah.', 'Pencegahan: Tingkatkan sirkulasi udara dengan pemangkasan rutin.', 'Perawatan: Aplikasikan fungisida sistemik segera setelah hujan musim semi yang pertama untuk proteksi kuratif.', 'Perawatan: Berikan pupuk Seng (Zn) dan Boron (B) untuk memperkuat dinding sel daun.', 'Perawatan: Monitor intensif dari fase pink bud hingga 4–6 minggu setelah berbunga.', 'Perawatan: Catat lokasi pohon Juniper terdekat dan jadikan referensi untuk penentuan waktu semprot.', 'Perawatan: Lakukan sanitasi kebun di akhir musim untuk mengurangi inokulum.', 'Karat Apel (Cedar Apple Rust) disebabkan oleh jamur Gymnosporangium juniperi-virginianae yang unik karena membutuhkan dua inang: apel dan pohon Cedar/Juniper. Gejala: bercak oranye-kuning cerah di sisi atas daun, struktur tubular oranye di sisi bawah (aecia), dan bercak buah. Penyakit dipicu musim semi basah (10–20°C) dan keberadaan Juniper dalam radius 500 m. Penanganan menggunakan Nativo 75 WG (Tebukonazol + Trifloksistrobin, dosis 0,5 g/liter) interval 7–10 hari sejak pink bud, atau Score 250 EC (Difenokonazol, 0,25–0,5 ml/liter) saat gejala awal. Pencegahan kunci: jangan tanam apel dekat Juniper, gunakan varietas tahan karat, dan musnahkan galls Juniper sebelum musim semi. Perawatan: pupuk Zn dan B untuk kekuatan sel daun, monitoring intensif fase pink bud hingga 6 minggu pascabunga.']","**Perawatan untuk mendukung pemulihan dan ketahanan terhadap Karat Apel (Cedar Apple Rust):**

1. **Aplikasi fungisida sistemik**  
   - Semprot segera setelah hujan pertama musim semi (kuratif).  
   - Pilihan produk: Nativo 75 WG (0,5 g/L) atau Score 250 EC (0,25–0,5 mL/L).  
   - Lakukan penyemprotan merata ke seluruh kanopi, terutama daun baru dan buah muda, dengan interval 7–10 hari bila diperlukan.

2. **Pemupukan mikro‑nutrisi**  
   - Berikan pupuk yang mengandung **Seng (Zn)** dan **Boron (B)** untuk memperkuat dinding sel daun dan meningkatkan ketahanan tanaman.

3. **Monitoring intensif**  
   - Awasi tanaman mulai fase *pink bud* hingga 4–6 minggu setelah berbunga.  
   - Catat lokasi pohon Juniper/Cedar terdekat sebagai acuan waktu penyemprotan selanjutnya.

4. **Sanitasi kebun**  
   - Pada akhir musim, bersihkan sisa-sisa daun, buah, dan material terinfeksi untuk mengurangi sumber inokulum.

5. **Pemangkasan rutin**  
   - Tingkatkan sirkulasi udara di dalam kebun dengan memangkas cabang yang terlalu rapat, sehingga mengurangi kelembapan berlebih yang memicu infeksi.

Dengan melaksanakan langkah‑langkah di atas secara konsisten, tanaman apel akan lebih cepat pulih dan memiliki ketahanan yang lebih baik terhadap Karat Apel.",Perawatan untuk tanaman yang terserang atau rentan Karat Apel (Cedar Apple Rust) meliputi: Aplikasikan fungisida sistemik segera setelah hujan musim semi yang pertama untuk proteksi kuratif. Berikan pupuk Seng (Zn) dan Boron (B) untuk memperkuat dinding sel daun. Monitor intensif dari fase pink bud hingga 4–6 minggu setelah berbunga. Catat lokasi pohon Juniper terdekat dan jadikan referensi untuk penentuan waktu semprot. Lakukan sanitasi kebun di akhir musim untuk mengurangi inokulum.,0.7857142857142857,0.8871354359518434,0.6463662697887869,1.0,0.8445454487716497,0.73
Apa penyebab Gray Leaf Spot Jagung (Cercospora) dan dalam kondisi apa penyakit ini berkembang?,"['Patogen: Cercospora zeae-maydis (tipe: Jamur Deuteromycete (jamur konidial)). Penyebab utama: Konidia yang tersisa pada sisa tanaman terinfeksi di permukaan tanah antar musim. Kondisi pemicu: Kelembapan relatif ≥90% selama ≥12 jam berturut-turut, Suhu hangat 25–30°C, Sistem olah tanah minimum (no-till) yang meninggalkan sisa tanaman di permukaan, Penanaman jagung terus-menerus (monokultur) tanpa rotasi.', 'Gejala: Lesi persegi panjang panjang (hingga 5 cm) berwarna tan-abu-abu, sejajar sejajar urat daun', ""Gejala: Tepi lesi dibatasi oleh urat daun yang memberi penampilan 'kotak-kotak' atau persegi"", 'Gejala: Pada kondisi lembap, lesi tampak berdebu abu-abu akibat sporulasi jamur', 'Gejala: Lesi bermula di daun-daun bawah, kemudian menyebar ke atas', 'Gejala: Infeksi berat menyebabkan hawar daun masif, rebah (lodging), dan penurunan bobot biji', 'Penanganan (tipe Kimia — Fungisida Sistemik Kombinasi): produk Amistar Top 325 SC (Azoksistrobin + Difenokonazol), bahan aktif Azoksistrobin 200 g/L + Difenokonazol 125 g/L, dosis 0,5–1 ml/liter air; 0,5–1 L produk/ha. Cara: Semprot merata seluruh permukaan daun, terutama daun di atas tongkol; gunakan nosel datar.', 'Penanganan (tipe Kimia — Fungisida Triazol): produk Anvil 50 SC (Heksakonazol), bahan aktif Heksakonazol 50 g/L, dosis 1–1,5 ml/liter air. Cara: Semprot merata ke seluruh tajuk tanaman.', 'Pencegahan: Gunakan varietas hibrida jagung yang memiliki rating ketahanan GLS tinggi (skala 1–9; pilih ≥6).', 'Pencegahan: Lakukan rotasi tanaman minimal satu musim dengan tanaman non-serealia (kedelai, kacang tanah).', 'Pencegahan: Bajak tanah untuk membenamkan sisa tanaman terinfeksi sedalam >10 cm guna mempercepat dekomposisi.', 'Pencegahan: Atur jarak tanam ideal (75×20 cm atau 75×25 cm) agar sirkulasi udara baik dan daun cepat kering.', 'Pencegahan: Hindari penanaman jagung monokultur terus-menerus.', 'Perawatan: Optimalisasi pemupukan Kalium (KCl) karena Kalium memperkuat dinding sel terhadap penetrasi jamur.', 'Perawatan: Pemantauan intensif mulai fase V8 — periksa daun-daun bawah setiap 5–7 hari.', 'Perawatan: Jika ≥50% tanaman menunjukkan lesi di daun ketiga di bawah daun tongkol sebelum malai keluar, segera fungisida.', 'Perawatan: Hindari pemupukan Nitrogen berlebih — tanaman yang terlalu subur lebih rentan.', 'Perawatan: Dokumentasi tingkat keparahan tiap lahan untuk panduan musim berikutnya.', 'Gray Leaf Spot Jagung (GLS) disebabkan oleh Cercospora zeae-maydis dan merupakan penyakit paling merusak secara global pada jagung. Gejala khas: lesi persegi panjang abu-abu panjang (hingga 5 cm) yang sejajar urat daun, berbatas urat daun membentuk pola kotak, bermula dari daun bawah menyebar ke atas. Kondisi penyebab: kelembapan ≥90% selama ≥12 jam dan suhu 25–30°C, diperparah oleh monokultur dan tanpa bajak (no-till). Penanganan terbaik menggunakan Amistar Top 325 SC (Azoksistrobin 200 g/L + Difenokonazol 125 g/L, dosis 0,5–1 ml/liter) disemprotkan pada fase V10 hingga kemunculan malai. Alternatif: Anvil 50 SC (Heksakonazol 50 g/L, dosis 1–1,5 ml/liter) saat gejala awal. Pencegahan: varietas tahan GLS, rotasi tanaman, bajak sisa tanaman, dan jarak tanam ideal. Perawatan: optimalisasi pupuk Kalium, monitoring intensif dari fase V8, hindari Nitrogen berlebih.']","**Penyebab:**  
Gray Leaf Spot Jagung disebabkan oleh jamur *Cercospora zeae‑maydis* (konidia yang tersisa pada sisa tanaman terinfeksi di permukaan tanah antar musim).

**Kondisi yang memicu perkembangan penyakit:**  
- Kelembapan relatif ≥ 90 % selama ≥ 12 jam berturut‑turut.  
- Suhu hangat 25 – 30 °C.  
- Sistem olah tanah minimum (no‑till) yang meninggalkan sisa tanaman di permukaan.  
- Penanaman jagung terus‑menerus (monokultur) tanpa rotasi tanaman.",Gray Leaf Spot Jagung (Cercospora) disebabkan oleh Jamur Deuteromycete (jamur konidial) Cercospora zeae-maydis. Konidia yang tersisa pada sisa tanaman terinfeksi di permukaan tanah antar musim. Penyakit ini berkembang pesat pada kondisi: Kelembapan relatif ≥90% selama ≥12 jam berturut-turut; Suhu hangat 25–30°C; Sistem olah tanah minimum (no-till) yang meninggalkan sisa tanaman di permukaan; Penanaman jagung terus-menerus (monokultur) tanpa rotasi.,1.0,0.8099085171505779,0.5526315789197368,1.0,0.9361962397230492,0.92
Apa saja gejala yang muncul pada tanaman yang terserang Gray Leaf Spot Jagung (Cercospora)?,"['Patogen: Cercospora zeae-maydis (tipe: Jamur Deuteromycete (jamur konidial)). Penyebab utama: Konidia yang tersisa pada sisa tanaman terinfeksi di permukaan tanah antar musim. Kondisi pemicu: Kelembapan relatif ≥90% selama ≥12 jam berturut-turut, Suhu hangat 25–30°C, Sistem olah tanah minimum (no-till) yang meninggalkan sisa tanaman di permukaan, Penanaman jagung terus-menerus (monokultur) tanpa rotasi.', 'Gejala: Lesi persegi panjang panjang (hingga 5 cm) berwarna tan-abu-abu, sejajar sejajar urat daun', ""Gejala: Tepi lesi dibatasi oleh urat daun yang memberi penampilan 'kotak-kotak' atau persegi"", 'Gejala: Pada kondisi lembap, lesi tampak berdebu abu-abu akibat sporulasi jamur', 'Gejala: Lesi bermula di daun-daun bawah, kemudian menyebar ke atas', 'Gejala: Infeksi berat menyebabkan hawar daun masif, rebah (lodging), dan penurunan bobot biji', 'Penanganan (tipe Kimia — Fungisida Sistemik Kombinasi): produk Amistar Top 325 SC (Azoksistrobin + Difenokonazol), bahan aktif Azoksistrobin 200 g/L + Difenokonazol 125 g/L, dosis 0,5–1 ml/liter air; 0,5–1 L produk/ha. Cara: Semprot merata seluruh permukaan daun, terutama daun di atas tongkol; gunakan nosel datar.', 'Penanganan (tipe Kimia — Fungisida Triazol): produk Anvil 50 SC (Heksakonazol), bahan aktif Heksakonazol 50 g/L, dosis 1–1,5 ml/liter air. Cara: Semprot merata ke seluruh tajuk tanaman.', 'Pencegahan: Gunakan varietas hibrida jagung yang memiliki rating ketahanan GLS tinggi (skala 1–9; pilih ≥6).', 'Pencegahan: Lakukan rotasi tanaman minimal satu musim dengan tanaman non-serealia (kedelai, kacang tanah).', 'Pencegahan: Bajak tanah untuk membenamkan sisa tanaman terinfeksi sedalam >10 cm guna mempercepat dekomposisi.', 'Pencegahan: Atur jarak tanam ideal (75×20 cm atau 75×25 cm) agar sirkulasi udara baik dan daun cepat kering.', 'Pencegahan: Hindari penanaman jagung monokultur terus-menerus.', 'Perawatan: Optimalisasi pemupukan Kalium (KCl) karena Kalium memperkuat dinding sel terhadap penetrasi jamur.', 'Perawatan: Pemantauan intensif mulai fase V8 — periksa daun-daun bawah setiap 5–7 hari.', 'Perawatan: Jika ≥50% tanaman menunjukkan lesi di daun ketiga di bawah daun tongkol sebelum malai keluar, segera fungisida.', 'Perawatan: Hindari pemupukan Nitrogen berlebih — tanaman yang terlalu subur lebih rentan.', 'Perawatan: Dokumentasi tingkat keparahan tiap lahan untuk panduan musim berikutnya.', 'Gray Leaf Spot Jagung (GLS) disebabkan oleh Cercospora zeae-maydis dan merupakan penyakit paling merusak secara global pada jagung. Gejala khas: lesi persegi panjang abu-abu panjang (hingga 5 cm) yang sejajar urat daun, berbatas urat daun membentuk pola kotak, bermula dari daun bawah menyebar ke atas. Kondisi penyebab: kelembapan ≥90% selama ≥12 jam dan suhu 25–30°C, diperparah oleh monokultur dan tanpa bajak (no-till). Penanganan terbaik menggunakan Amistar Top 325 SC (Azoksistrobin 200 g/L + Difenokonazol 125 g/L, dosis 0,5–1 ml/liter) disemprotkan pada fase V10 hingga kemunculan malai. Alternatif: Anvil 50 SC (Heksakonazol 50 g/L, dosis 1–1,5 ml/liter) saat gejala awal. Pencegahan: varietas tahan GLS, rotasi tanaman, bajak sisa tanaman, dan jarak tanam ideal. Perawatan: optimalisasi pupuk Kalium, monitoring intensif dari fase V8, hindari Nitrogen berlebih.']","Berikut gejala yang muncul pada tanaman jagung yang terserang Gray Leaf Spot (Cercospora):

1. Lesi persegi panjang panjang (hingga 5 cm) berwarna tan‑abu‑abu, sejajar dengan urat daun.  
2. Tepi lesi terbatas oleh urat daun, memberi penampilan “kotak‑kotak” atau persegi.  
3. Pada kondisi lembap, lesi tampak berdebu abu‑abu akibat sporulasi jamur.  
4. Lesi biasanya muncul pertama kali pada daun‑daun bawah, kemudian menyebar ke atas.  
5. Infeksi berat dapat menyebabkan hawar daun masif, rebah (lodging), dan penurunan bobot biji.","Gejala Gray Leaf Spot Jagung (Cercospora) meliputi: Lesi persegi panjang panjang (hingga 5 cm) berwarna tan-abu-abu, sejajar sejajar urat daun; Tepi lesi dibatasi oleh urat daun yang memberi penampilan 'kotak-kotak' atau persegi; Pada kondisi lembap, lesi tampak berdebu abu-abu akibat sporulasi jamur; Lesi bermula di daun-daun bawah, kemudian menyebar ke atas; Infeksi berat menyebabkan hawar daun masif, rebah (lodging), dan penurunan bobot biji.",1.0,0.920992786176035,0.9097744360772287,1.0,0.9522754664673554,1.0
Bagaimana cara menangani Gray Leaf Spot Jagung (Cercospora) yang sudah terinfeksi?,"['Patogen: Cercospora zeae-maydis (tipe: Jamur Deuteromycete (jamur konidial)). Penyebab utama: Konidia yang tersisa pada sisa tanaman terinfeksi di permukaan tanah antar musim. Kondisi pemicu: Kelembapan relatif ≥90% selama ≥12 jam berturut-turut, Suhu hangat 25–30°C, Sistem olah tanah minimum (no-till) yang meninggalkan sisa tanaman di permukaan, Penanaman jagung terus-menerus (monokultur) tanpa rotasi.', 'Gejala: Lesi persegi panjang panjang (hingga 5 cm) berwarna tan-abu-abu, sejajar sejajar urat daun', ""Gejala: Tepi lesi dibatasi oleh urat daun yang memberi penampilan 'kotak-kotak' atau persegi"", 'Gejala: Pada kondisi lembap, lesi tampak berdebu abu-abu akibat sporulasi jamur', 'Gejala: Lesi bermula di daun-daun bawah, kemudian menyebar ke atas', 'Gejala: Infeksi berat menyebabkan hawar daun masif, rebah (lodging), dan penurunan bobot biji', 'Penanganan (tipe Kimia — Fungisida Sistemik Kombinasi): produk Amistar Top 325 SC (Azoksistrobin + Difenokonazol), bahan aktif Azoksistrobin 200 g/L + Difenokonazol 125 g/L, dosis 0,5–1 ml/liter air; 0,5–1 L produk/ha. Cara: Semprot merata seluruh permukaan daun, terutama daun di atas tongkol; gunakan nosel datar.', 'Penanganan (tipe Kimia — Fungisida Triazol): produk Anvil 50 SC (Heksakonazol), bahan aktif Heksakonazol 50 g/L, dosis 1–1,5 ml/liter air. Cara: Semprot merata ke seluruh tajuk tanaman.', 'Pencegahan: Gunakan varietas hibrida jagung yang memiliki rating ketahanan GLS tinggi (skala 1–9; pilih ≥6).', 'Pencegahan: Lakukan rotasi tanaman minimal satu musim dengan tanaman non-serealia (kedelai, kacang tanah).', 'Pencegahan: Bajak tanah untuk membenamkan sisa tanaman terinfeksi sedalam >10 cm guna mempercepat dekomposisi.', 'Pencegahan: Atur jarak tanam ideal (75×20 cm atau 75×25 cm) agar sirkulasi udara baik dan daun cepat kering.', 'Pencegahan: Hindari penanaman jagung monokultur terus-menerus.', 'Perawatan: Optimalisasi pemupukan Kalium (KCl) karena Kalium memperkuat dinding sel terhadap penetrasi jamur.', 'Perawatan: Pemantauan intensif mulai fase V8 — periksa daun-daun bawah setiap 5–7 hari.', 'Perawatan: Jika ≥50% tanaman menunjukkan lesi di daun ketiga di bawah daun tongkol sebelum malai keluar, segera fungisida.', 'Perawatan: Hindari pemupukan Nitrogen berlebih — tanaman yang terlalu subur lebih rentan.', 'Perawatan: Dokumentasi tingkat keparahan tiap lahan untuk panduan musim berikutnya.', 'Gray Leaf Spot Jagung (GLS) disebabkan oleh Cercospora zeae-maydis dan merupakan penyakit paling merusak secara global pada jagung. Gejala khas: lesi persegi panjang abu-abu panjang (hingga 5 cm) yang sejajar urat daun, berbatas urat daun membentuk pola kotak, bermula dari daun bawah menyebar ke atas. Kondisi penyebab: kelembapan ≥90% selama ≥12 jam dan suhu 25–30°C, diperparah oleh monokultur dan tanpa bajak (no-till). Penanganan terbaik menggunakan Amistar Top 325 SC (Azoksistrobin 200 g/L + Difenokonazol 125 g/L, dosis 0,5–1 ml/liter) disemprotkan pada fase V10 hingga kemunculan malai. Alternatif: Anvil 50 SC (Heksakonazol 50 g/L, dosis 1–1,5 ml/liter) saat gejala awal. Pencegahan: varietas tahan GLS, rotasi tanaman, bajak sisa tanaman, dan jarak tanam ideal. Perawatan: optimalisasi pupuk Kalium, monitoring intensif dari fase V8, hindari Nitrogen berlebih.']","**Penanganan Gray Leaf Spot Jagung (Cercospora) yang sudah terinfeksi**

1. **Fungisida Sistemik Kombinasi**  
   - **Produk:** Amistar Top 325 SC (Azoksistrobin + Difenokonazol)  
   - **Bahan aktif:** Azoksistrobin 200 g/L + Difenokonazol 125 g/L  
   - **Dosis:** 0,5–1 ml per liter air (0,5–1 L produk per hektar)  
   - **Cara aplikasi:** Semprot merata seluruh permukaan daun, terutama daun di atas tongkol, menggunakan nosel datar.

2. **Fungisida Triazol**  
   - **Produk:** Anvil 50 SC (Heksakonazol)  
   - **Bahan aktif:** Heksakonazol 50 g/L  
   - **Dosis:** 1–1,5 ml per liter air  
   - **Cara aplikasi:** Semprot merata ke seluruh tajuk tanaman.

Lakukan penyemprotan segera setelah gejala terlihat, terutama bila lesi sudah menyebar ke daun‑daun atas. Pastikan aplikasi menutupi seluruh daun secara merata untuk efektivitas maksimal.","Penanganan Gray Leaf Spot Jagung (Cercospora) dapat dilakukan dengan: Amistar Top 325 SC (Azoksistrobin + Difenokonazol) (Azoksistrobin 200 g/L + Difenokonazol 125 g/L, dosis 0,5–1 ml/liter air; 0,5–1 L produk/ha) — cara: Semprot merata seluruh permukaan daun, terutama daun di atas tongkol; gunakan nosel datar; waktu: Fase vegetatif akhir V10 hingga VT (kemunculan malai); ulangi jika penyakit masih berkembang setelah 14 hari; Anvil 50 SC (Heksakonazol) (Heksakonazol 50 g/L, dosis 1–1,5 ml/liter air) — cara: Semprot merata ke seluruh tajuk tanaman; waktu: Saat lesi pertama terdeteksi pada daun-daun bawah, sebelum menyebar ke daun tongkol.",0.8461538461538461,0.6401944684934211,0.42911967417831165,1.0,0.887902575384645,0.82
Bagaimana cara mencegah serangan Gray Leaf Spot Jagung (Cercospora)?,"['Patogen: Cercospora zeae-maydis (tipe: Jamur Deuteromycete (jamur konidial)). Penyebab utama: Konidia yang tersisa pada sisa tanaman terinfeksi di permukaan tanah antar musim. Kondisi pemicu: Kelembapan relatif ≥90% selama ≥12 jam berturut-turut, Suhu hangat 25–30°C, Sistem olah tanah minimum (no-till) yang meninggalkan sisa tanaman di permukaan, Penanaman jagung terus-menerus (monokultur) tanpa rotasi.', 'Gejala: Lesi persegi panjang panjang (hingga 5 cm) berwarna tan-abu-abu, sejajar sejajar urat daun', ""Gejala: Tepi lesi dibatasi oleh urat daun yang memberi penampilan 'kotak-kotak' atau persegi"", 'Gejala: Pada kondisi lembap, lesi tampak berdebu abu-abu akibat sporulasi jamur', 'Gejala: Lesi bermula di daun-daun bawah, kemudian menyebar ke atas', 'Gejala: Infeksi berat menyebabkan hawar daun masif, rebah (lodging), dan penurunan bobot biji', 'Penanganan (tipe Kimia — Fungisida Sistemik Kombinasi): produk Amistar Top 325 SC (Azoksistrobin + Difenokonazol), bahan aktif Azoksistrobin 200 g/L + Difenokonazol 125 g/L, dosis 0,5–1 ml/liter air; 0,5–1 L produk/ha. Cara: Semprot merata seluruh permukaan daun, terutama daun di atas tongkol; gunakan nosel datar.', 'Penanganan (tipe Kimia — Fungisida Triazol): produk Anvil 50 SC (Heksakonazol), bahan aktif Heksakonazol 50 g/L, dosis 1–1,5 ml/liter air. Cara: Semprot merata ke seluruh tajuk tanaman.', 'Pencegahan: Gunakan varietas hibrida jagung yang memiliki rating ketahanan GLS tinggi (skala 1–9; pilih ≥6).', 'Pencegahan: Lakukan rotasi tanaman minimal satu musim dengan tanaman non-serealia (kedelai, kacang tanah).', 'Pencegahan: Bajak tanah untuk membenamkan sisa tanaman terinfeksi sedalam >10 cm guna mempercepat dekomposisi.', 'Pencegahan: Atur jarak tanam ideal (75×20 cm atau 75×25 cm) agar sirkulasi udara baik dan daun cepat kering.', 'Pencegahan: Hindari penanaman jagung monokultur terus-menerus.', 'Perawatan: Optimalisasi pemupukan Kalium (KCl) karena Kalium memperkuat dinding sel terhadap penetrasi jamur.', 'Perawatan: Pemantauan intensif mulai fase V8 — periksa daun-daun bawah setiap 5–7 hari.', 'Perawatan: Jika ≥50% tanaman menunjukkan lesi di daun ketiga di bawah daun tongkol sebelum malai keluar, segera fungisida.', 'Perawatan: Hindari pemupukan Nitrogen berlebih — tanaman yang terlalu subur lebih rentan.', 'Perawatan: Dokumentasi tingkat keparahan tiap lahan untuk panduan musim berikutnya.', 'Gray Leaf Spot Jagung (GLS) disebabkan oleh Cercospora zeae-maydis dan merupakan penyakit paling merusak secara global pada jagung. Gejala khas: lesi persegi panjang abu-abu panjang (hingga 5 cm) yang sejajar urat daun, berbatas urat daun membentuk pola kotak, bermula dari daun bawah menyebar ke atas. Kondisi penyebab: kelembapan ≥90% selama ≥12 jam dan suhu 25–30°C, diperparah oleh monokultur dan tanpa bajak (no-till). Penanganan terbaik menggunakan Amistar Top 325 SC (Azoksistrobin 200 g/L + Difenokonazol 125 g/L, dosis 0,5–1 ml/liter) disemprotkan pada fase V10 hingga kemunculan malai. Alternatif: Anvil 50 SC (Heksakonazol 50 g/L, dosis 1–1,5 ml/liter) saat gejala awal. Pencegahan: varietas tahan GLS, rotasi tanaman, bajak sisa tanaman, dan jarak tanam ideal. Perawatan: optimalisasi pupuk Kalium, monitoring intensif dari fase V8, hindari Nitrogen berlebih.']","**Cara mencegah serangan Gray Leaf Spot Jagung (Cercospora):**

1. Pilih varietas hibrida jagung dengan rating ketahanan GLS tinggi (skala ≥ 6).  
2. Lakukan rotasi tanaman minimal satu musim dengan tanaman non‑serealia (misalnya kedelai atau kacang tanah).  
3. Bajak tanah untuk menimbun sisa tanaman terinfeksi lebih dalam > 10 cm agar cepat terdekomposisi.  
4. Atur jarak tanam ideal (75 × 20 cm atau 75 × 25 cm) supaya sirkulasi udara baik dan daun cepat kering.  
5. Hindari penanaman jagung monokultur secara terus‑menerus.","Pencegahan Gray Leaf Spot Jagung (Cercospora) meliputi: Gunakan varietas hibrida jagung yang memiliki rating ketahanan GLS tinggi (skala 1–9; pilih ≥6). Lakukan rotasi tanaman minimal satu musim dengan tanaman non-serealia (kedelai, kacang tanah). Bajak tanah untuk membenamkan sisa tanaman terinfeksi sedalam >10 cm guna mempercepat dekomposisi. Atur jarak tanam ideal (75×20 cm atau 75×25 cm) agar sirkulasi udara baik dan daun cepat kering. Hindari penanaman jagung monokultur terus-menerus.",1.0,0.795102115790374,0.4487061640788447,1.0,0.9571056651859718,0.83
Perawatan apa yang perlu dilakukan pada tanaman untuk mendukung pemulihan dan ketahanan terhadap Gray Leaf Spot Jagung (Cercospora)?,"['Patogen: Cercospora zeae-maydis (tipe: Jamur Deuteromycete (jamur konidial)). Penyebab utama: Konidia yang tersisa pada sisa tanaman terinfeksi di permukaan tanah antar musim. Kondisi pemicu: Kelembapan relatif ≥90% selama ≥12 jam berturut-turut, Suhu hangat 25–30°C, Sistem olah tanah minimum (no-till) yang meninggalkan sisa tanaman di permukaan, Penanaman jagung terus-menerus (monokultur) tanpa rotasi.', 'Gejala: Lesi persegi panjang panjang (hingga 5 cm) berwarna tan-abu-abu, sejajar sejajar urat daun', ""Gejala: Tepi lesi dibatasi oleh urat daun yang memberi penampilan 'kotak-kotak' atau persegi"", 'Gejala: Pada kondisi lembap, lesi tampak berdebu abu-abu akibat sporulasi jamur', 'Gejala: Lesi bermula di daun-daun bawah, kemudian menyebar ke atas', 'Gejala: Infeksi berat menyebabkan hawar daun masif, rebah (lodging), dan penurunan bobot biji', 'Penanganan (tipe Kimia — Fungisida Sistemik Kombinasi): produk Amistar Top 325 SC (Azoksistrobin + Difenokonazol), bahan aktif Azoksistrobin 200 g/L + Difenokonazol 125 g/L, dosis 0,5–1 ml/liter air; 0,5–1 L produk/ha. Cara: Semprot merata seluruh permukaan daun, terutama daun di atas tongkol; gunakan nosel datar.', 'Penanganan (tipe Kimia — Fungisida Triazol): produk Anvil 50 SC (Heksakonazol), bahan aktif Heksakonazol 50 g/L, dosis 1–1,5 ml/liter air. Cara: Semprot merata ke seluruh tajuk tanaman.', 'Pencegahan: Gunakan varietas hibrida jagung yang memiliki rating ketahanan GLS tinggi (skala 1–9; pilih ≥6).', 'Pencegahan: Lakukan rotasi tanaman minimal satu musim dengan tanaman non-serealia (kedelai, kacang tanah).', 'Pencegahan: Bajak tanah untuk membenamkan sisa tanaman terinfeksi sedalam >10 cm guna mempercepat dekomposisi.', 'Pencegahan: Atur jarak tanam ideal (75×20 cm atau 75×25 cm) agar sirkulasi udara baik dan daun cepat kering.', 'Pencegahan: Hindari penanaman jagung monokultur terus-menerus.', 'Perawatan: Optimalisasi pemupukan Kalium (KCl) karena Kalium memperkuat dinding sel terhadap penetrasi jamur.', 'Perawatan: Pemantauan intensif mulai fase V8 — periksa daun-daun bawah setiap 5–7 hari.', 'Perawatan: Jika ≥50% tanaman menunjukkan lesi di daun ketiga di bawah daun tongkol sebelum malai keluar, segera fungisida.', 'Perawatan: Hindari pemupukan Nitrogen berlebih — tanaman yang terlalu subur lebih rentan.', 'Perawatan: Dokumentasi tingkat keparahan tiap lahan untuk panduan musim berikutnya.', 'Gray Leaf Spot Jagung (GLS) disebabkan oleh Cercospora zeae-maydis dan merupakan penyakit paling merusak secara global pada jagung. Gejala khas: lesi persegi panjang abu-abu panjang (hingga 5 cm) yang sejajar urat daun, berbatas urat daun membentuk pola kotak, bermula dari daun bawah menyebar ke atas. Kondisi penyebab: kelembapan ≥90% selama ≥12 jam dan suhu 25–30°C, diperparah oleh monokultur dan tanpa bajak (no-till). Penanganan terbaik menggunakan Amistar Top 325 SC (Azoksistrobin 200 g/L + Difenokonazol 125 g/L, dosis 0,5–1 ml/liter) disemprotkan pada fase V10 hingga kemunculan malai. Alternatif: Anvil 50 SC (Heksakonazol 50 g/L, dosis 1–1,5 ml/liter) saat gejala awal. Pencegahan: varietas tahan GLS, rotasi tanaman, bajak sisa tanaman, dan jarak tanam ideal. Perawatan: optimalisasi pupuk Kalium, monitoring intensif dari fase V8, hindari Nitrogen berlebih.']","**Perawatan untuk mendukung pemulihan dan meningkatkan ketahanan jagung terhadap Gray Leaf Spot (Cercospora):**

1. **Optimalisasi pemupukan Kalium (KCl)** – Beri Kalium secukupnya karena meningkatkan kekuatan dinding sel sehingga lebih tahan terhadap penetrasi jamur.  
2. **Pemantauan intensif** – Mulai fase V8, periksa daun‑daun bawah setiap 5–7 hari untuk mendeteksi lesi dini.  
3. **Hindari pemupukan Nitrogen berlebih** – Tanaman yang terlalu subur (Nitrogen tinggi) lebih rentan terkena penyakit.  
4. **Dokumentasi tingkat keparahan** – Catat intensitas dan penyebaran lesi tiap lahan sebagai data acuan untuk penanganan musim berikutnya.  

Lakukan langkah‑langkah di atas secara konsisten setelah aplikasi fungisida agar tanaman dapat pulih lebih cepat dan menjadi lebih tahan terhadap serangan selanjutnya.","Perawatan untuk tanaman yang terserang atau rentan Gray Leaf Spot Jagung (Cercospora) meliputi: Optimalisasi pemupukan Kalium (KCl) karena Kalium memperkuat dinding sel terhadap penetrasi jamur. Pemantauan intensif mulai fase V8 — periksa daun-daun bawah setiap 5–7 hari. Jika ≥50% tanaman menunjukkan lesi di daun ketiga di bawah daun tongkol sebelum malai keluar, segera fungisida. Hindari pemupukan Nitrogen berlebih — tanaman yang terlalu subur lebih rentan. Dokumentasi tingkat keparahan tiap lahan untuk panduan musim berikutnya.",0.7692307692307693,0.7873617169995911,0.4676124858348443,1.0,0.9065289233660084,0.86
Apa penyebab Karat Daun Jagung (Common Rust) dan dalam kondisi apa penyakit ini berkembang?,"['Patogen: Puccinia sorghi (tipe: Jamur Basidiomycete (karat/rust)). Penyebab utama: Uredospora terbawa angin jarak jauh dari wilayah penghasil karat; tidak bertahan di tanah. Kondisi pemicu: Suhu sejuk 16–23°C dengan embun yang sering, Kelembapan tinggi dan langit berawan, Tanaman yang ditanam saat suhu malam rendah.', 'Gejala: Pustula kecil berbentuk oval-memanjang, cokelat kemerahan hingga oranye, tersebar di kedua permukaan daun', 'Gejala: Spora berbentuk bubuk cokelat kemerahan (uredospora) keluar dari pustula saat disentuh', 'Gejala: Daun menguning di sekitar pustula (klorosis) dan dapat mengering', 'Gejala: Pada infeksi lanjut, pustula berubah warna menjadi hitam (teliospores)', 'Gejala: Daun di sekitar tongkol paling rentan; infeksi berat menyebabkan penurunan hasil', 'Penanganan (tipe Kimia — Fungisida Sistemik): produk Anvil 50 SC (Heksakonazol), bahan aktif Heksakonazol 50 g/L, dosis 1–1,5 ml/liter air. Cara: Semprot merata seluruh kanopi termasuk bagian bawah daun.', 'Penanganan (tipe Kimia — Fungisida Kombinasi): produk Nativo 75 WG (Tebukonazol + Trifloksistrobin), bahan aktif Tebukonazol 50% + Trifloksistrobin 25%, dosis 0,5 g/liter air. Cara: Semprot merata tajuk; aplikasi pagi hari untuk efektivitas optimal.', 'Pencegahan: Gunakan benih hibrida jagung yang memiliki ketahanan tinggi terhadap karat (Puccinia sorghi).', 'Pencegahan: Tanam serempak dalam satu kawasan untuk mempersingkat periode rentan.', 'Pencegahan: Hindari jadwal tanam saat suhu malam diperkirakan sejuk (<20°C) yang mendukung infeksi.', 'Pencegahan: Sanitasi gulma rumput (Oxalis spp., inang alternasif) di sekitar lahan.', 'Pencegahan: Jaga keseimbangan pupuk Nitrogen — tanaman terlalu subur lebih rentan.', 'Perawatan: Hindari pemupukan Urea (Nitrogen) berlebih yang membuat daun lebih lunak dan rentan.', 'Perawatan: Aplikasikan Silika cair (Si) untuk mengeraskan dinding sel daun dan meningkatkan ketahanan.', 'Perawatan: Bila karat mencapai daun di sekitar tongkol sebelum fase pengisian biji, segera kendalikan secara kimia.', 'Perawatan: Monitoring mingguan dimulai dari fase V6 di wilayah endemik karat.', 'Perawatan: Rotasi tanaman membantu mengurangi tekanan penyakit musim berikutnya.', 'Karat Daun Jagung (Common Rust) disebabkan oleh Puccinia sorghi, tergolong keparahan sedang namun bisa serius jika menyerang saat fase pengisian biji. Gejala: pustula oval cokelat-oranye di kedua sisi daun yang melepaskan spora bubuk kemerahan saat disentuh, lalu mengering. Berkembang pada suhu sejuk 16–23°C dengan embun tinggi. Spora menyebar via angin jarak jauh. Penanganan: Anvil 50 SC (Heksakonazol 50 g/L, dosis 1–1,5 ml/liter) saat pustula pertama muncul, atau Nativo 75 WG (Tebukonazol + Trifloksistrobin, 0,5 g/liter) untuk kasus berat. Pencegahan: benih tahan karat, tanam serempak satu kawasan, hindari tanam saat malam sejuk, sanitasi gulma rumput. Perawatan: hindari Nitrogen berlebih, aplikasi Silika cair untuk ketahanan daun, monitoring mingguan dari fase V6.']","**Penyebab:**  
Karat Daun Jagung disebabkan oleh jamur *Puccinia sorghi* (uredospora yang terbawa angin jarak jauh).

**Kondisi yang memicu perkembangan penyakit:**  
- Suhu sejuk 16–23 °C dengan embun yang sering.  
- Kelembapan tinggi dan cuaca berawan.  
- Tanaman ditanam pada saat suhu malam rendah (<20 °C).",Karat Daun Jagung (Common Rust) disebabkan oleh Jamur Basidiomycete (karat/rust) Puccinia sorghi. Uredospora terbawa angin jarak jauh dari wilayah penghasil karat; tidak bertahan di tanah. Penyakit ini berkembang pesat pada kondisi: Suhu sejuk 16–23°C dengan embun yang sering; Kelembapan tinggi dan langit berawan; Tanaman yang ditanam saat suhu malam rendah.,1.0,0.5364767439637532,0.5526315789197368,1.0,0.8296977185591046,0.91
Apa saja gejala yang muncul pada tanaman yang terserang Karat Daun Jagung (Common Rust)?,"['Patogen: Puccinia sorghi (tipe: Jamur Basidiomycete (karat/rust)). Penyebab utama: Uredospora terbawa angin jarak jauh dari wilayah penghasil karat; tidak bertahan di tanah. Kondisi pemicu: Suhu sejuk 16–23°C dengan embun yang sering, Kelembapan tinggi dan langit berawan, Tanaman yang ditanam saat suhu malam rendah.', 'Gejala: Pustula kecil berbentuk oval-memanjang, cokelat kemerahan hingga oranye, tersebar di kedua permukaan daun', 'Gejala: Spora berbentuk bubuk cokelat kemerahan (uredospora) keluar dari pustula saat disentuh', 'Gejala: Daun menguning di sekitar pustula (klorosis) dan dapat mengering', 'Gejala: Pada infeksi lanjut, pustula berubah warna menjadi hitam (teliospores)', 'Gejala: Daun di sekitar tongkol paling rentan; infeksi berat menyebabkan penurunan hasil', 'Penanganan (tipe Kimia — Fungisida Sistemik): produk Anvil 50 SC (Heksakonazol), bahan aktif Heksakonazol 50 g/L, dosis 1–1,5 ml/liter air. Cara: Semprot merata seluruh kanopi termasuk bagian bawah daun.', 'Penanganan (tipe Kimia — Fungisida Kombinasi): produk Nativo 75 WG (Tebukonazol + Trifloksistrobin), bahan aktif Tebukonazol 50% + Trifloksistrobin 25%, dosis 0,5 g/liter air. Cara: Semprot merata tajuk; aplikasi pagi hari untuk efektivitas optimal.', 'Pencegahan: Gunakan benih hibrida jagung yang memiliki ketahanan tinggi terhadap karat (Puccinia sorghi).', 'Pencegahan: Tanam serempak dalam satu kawasan untuk mempersingkat periode rentan.', 'Pencegahan: Hindari jadwal tanam saat suhu malam diperkirakan sejuk (<20°C) yang mendukung infeksi.', 'Pencegahan: Sanitasi gulma rumput (Oxalis spp., inang alternasif) di sekitar lahan.', 'Pencegahan: Jaga keseimbangan pupuk Nitrogen — tanaman terlalu subur lebih rentan.', 'Perawatan: Hindari pemupukan Urea (Nitrogen) berlebih yang membuat daun lebih lunak dan rentan.', 'Perawatan: Aplikasikan Silika cair (Si) untuk mengeraskan dinding sel daun dan meningkatkan ketahanan.', 'Perawatan: Bila karat mencapai daun di sekitar tongkol sebelum fase pengisian biji, segera kendalikan secara kimia.', 'Perawatan: Monitoring mingguan dimulai dari fase V6 di wilayah endemik karat.', 'Perawatan: Rotasi tanaman membantu mengurangi tekanan penyakit musim berikutnya.', 'Karat Daun Jagung (Common Rust) disebabkan oleh Puccinia sorghi, tergolong keparahan sedang namun bisa serius jika menyerang saat fase pengisian biji. Gejala: pustula oval cokelat-oranye di kedua sisi daun yang melepaskan spora bubuk kemerahan saat disentuh, lalu mengering. Berkembang pada suhu sejuk 16–23°C dengan embun tinggi. Spora menyebar via angin jarak jauh. Penanganan: Anvil 50 SC (Heksakonazol 50 g/L, dosis 1–1,5 ml/liter) saat pustula pertama muncul, atau Nativo 75 WG (Tebukonazol + Trifloksistrobin, 0,5 g/liter) untuk kasus berat. Pencegahan: benih tahan karat, tanam serempak satu kawasan, hindari tanam saat malam sejuk, sanitasi gulma rumput. Perawatan: hindari Nitrogen berlebih, aplikasi Silika cair untuk ketahanan daun, monitoring mingguan dari fase V6.']","Berikut gejala yang muncul pada tanaman jagung yang terserang Karat Daun Jagung (Common Rust):

1. **Pustula kecil berbentuk oval‑memanjang**, berwarna cokelat kemerahan hingga oranye, muncul di kedua permukaan daun.  
2. **Spora berbentuk bubuk cokelat kemerahan (uredospora)** keluar dari pustula ketika disentuh.  
3. **Daun menguning di sekitar pustula (klorosis)** dan dapat mengering.  
4. Pada infeksi lanjut, **pustula berubah warna menjadi hitam** karena terbentuknya teliospores.  
5. Daun di sekitar tongkol paling rentan; infeksi berat dapat menyebabkan **penurunan hasil**.","Gejala Karat Daun Jagung (Common Rust) meliputi: Pustula kecil berbentuk oval-memanjang, cokelat kemerahan hingga oranye, tersebar di kedua permukaan daun; Spora berbentuk bubuk cokelat kemerahan (uredospora) keluar dari pustula saat disentuh; Daun menguning di sekitar pustula (klorosis) dan dapat mengering; Pada infeksi lanjut, pustula berubah warna menjadi hitam (teliospores); Daun di sekitar tongkol paling rentan; infeksi berat menyebabkan penurunan hasil.",1.0,0.0,0.9097744360772287,1.0,0.07482526731265898,1.0
Bagaimana cara menangani Karat Daun Jagung (Common Rust) yang sudah terinfeksi?,"['Patogen: Puccinia sorghi (tipe: Jamur Basidiomycete (karat/rust)). Penyebab utama: Uredospora terbawa angin jarak jauh dari wilayah penghasil karat; tidak bertahan di tanah. Kondisi pemicu: Suhu sejuk 16–23°C dengan embun yang sering, Kelembapan tinggi dan langit berawan, Tanaman yang ditanam saat suhu malam rendah.', 'Gejala: Pustula kecil berbentuk oval-memanjang, cokelat kemerahan hingga oranye, tersebar di kedua permukaan daun', 'Gejala: Spora berbentuk bubuk cokelat kemerahan (uredospora) keluar dari pustula saat disentuh', 'Gejala: Daun menguning di sekitar pustula (klorosis) dan dapat mengering', 'Gejala: Pada infeksi lanjut, pustula berubah warna menjadi hitam (teliospores)', 'Gejala: Daun di sekitar tongkol paling rentan; infeksi berat menyebabkan penurunan hasil', 'Penanganan (tipe Kimia — Fungisida Sistemik): produk Anvil 50 SC (Heksakonazol), bahan aktif Heksakonazol 50 g/L, dosis 1–1,5 ml/liter air. Cara: Semprot merata seluruh kanopi termasuk bagian bawah daun.', 'Penanganan (tipe Kimia — Fungisida Kombinasi): produk Nativo 75 WG (Tebukonazol + Trifloksistrobin), bahan aktif Tebukonazol 50% + Trifloksistrobin 25%, dosis 0,5 g/liter air. Cara: Semprot merata tajuk; aplikasi pagi hari untuk efektivitas optimal.', 'Pencegahan: Gunakan benih hibrida jagung yang memiliki ketahanan tinggi terhadap karat (Puccinia sorghi).', 'Pencegahan: Tanam serempak dalam satu kawasan untuk mempersingkat periode rentan.', 'Pencegahan: Hindari jadwal tanam saat suhu malam diperkirakan sejuk (<20°C) yang mendukung infeksi.', 'Pencegahan: Sanitasi gulma rumput (Oxalis spp., inang alternasif) di sekitar lahan.', 'Pencegahan: Jaga keseimbangan pupuk Nitrogen — tanaman terlalu subur lebih rentan.', 'Perawatan: Hindari pemupukan Urea (Nitrogen) berlebih yang membuat daun lebih lunak dan rentan.', 'Perawatan: Aplikasikan Silika cair (Si) untuk mengeraskan dinding sel daun dan meningkatkan ketahanan.', 'Perawatan: Bila karat mencapai daun di sekitar tongkol sebelum fase pengisian biji, segera kendalikan secara kimia.', 'Perawatan: Monitoring mingguan dimulai dari fase V6 di wilayah endemik karat.', 'Perawatan: Rotasi tanaman membantu mengurangi tekanan penyakit musim berikutnya.', 'Karat Daun Jagung (Common Rust) disebabkan oleh Puccinia sorghi, tergolong keparahan sedang namun bisa serius jika menyerang saat fase pengisian biji. Gejala: pustula oval cokelat-oranye di kedua sisi daun yang melepaskan spora bubuk kemerahan saat disentuh, lalu mengering. Berkembang pada suhu sejuk 16–23°C dengan embun tinggi. Spora menyebar via angin jarak jauh. Penanganan: Anvil 50 SC (Heksakonazol 50 g/L, dosis 1–1,5 ml/liter) saat pustula pertama muncul, atau Nativo 75 WG (Tebukonazol + Trifloksistrobin, 0,5 g/liter) untuk kasus berat. Pencegahan: benih tahan karat, tanam serempak satu kawasan, hindari tanam saat malam sejuk, sanitasi gulma rumput. Perawatan: hindari Nitrogen berlebih, aplikasi Silika cair untuk ketahanan daun, monitoring mingguan dari fase V6.']","**Penanganan Karat Daun Jagung (Common Rust) yang sudah terinfeksi**

1. **Fungisida Sistemik**  
   - **Produk:** Anvil 50 SC (Heksakonazol)  
   - **Bahan aktif:** Heksakonazol 50 g/L  
   - **Dosis:** 1–1,5 ml per liter air  
   - **Cara aplikasi:** Semprotkan secara merata seluruh kanopi tanaman, termasuk bagian bawah daun, segera setelah pustula pertama muncul.

2. **Fungisida Kombinasi**  
   - **Produk:** Nativo 75 WG (Tebukonazol + Trifloksistrobin)  
   - **Bahan aktif:** Tebukonazol 50 % + Trifloksistrobin 25 %  
   - **Dosis:** 0,5 g per liter air  
   - **Cara aplikasi:** Semprotkan secara merata pada tajuk tanaman, lakukan pada pagi hari untuk efektivitas optimal. Pilih opsi ini bila infeksi sudah cukup berat.","Penanganan Karat Daun Jagung (Common Rust) dapat dilakukan dengan: Anvil 50 SC (Heksakonazol) (Heksakonazol 50 g/L, dosis 1–1,5 ml/liter air) — cara: Semprot merata seluruh kanopi termasuk bagian bawah daun; waktu: Saat bintik karat pertama muncul; ulangi setiap 14 hari bila kondisi menguntungkan penyakit; Nativo 75 WG (Tebukonazol + Trifloksistrobin) (Tebukonazol 50% + Trifloksistrobin 25%, dosis 0,5 g/liter air) — cara: Semprot merata tajuk; aplikasi pagi hari untuk efektivitas optimal; waktu: Fase vegetatif menjelang berbunga bila tekanan penyakit tinggi.",1.0,0.6602759257210579,0.43477443608153005,0.5,0.8661127601591876,0.78
Bagaimana cara mencegah serangan Karat Daun Jagung (Common Rust)?,"['Patogen: Puccinia sorghi (tipe: Jamur Basidiomycete (karat/rust)). Penyebab utama: Uredospora terbawa angin jarak jauh dari wilayah penghasil karat; tidak bertahan di tanah. Kondisi pemicu: Suhu sejuk 16–23°C dengan embun yang sering, Kelembapan tinggi dan langit berawan, Tanaman yang ditanam saat suhu malam rendah.', 'Gejala: Pustula kecil berbentuk oval-memanjang, cokelat kemerahan hingga oranye, tersebar di kedua permukaan daun', 'Gejala: Spora berbentuk bubuk cokelat kemerahan (uredospora) keluar dari pustula saat disentuh', 'Gejala: Daun menguning di sekitar pustula (klorosis) dan dapat mengering', 'Gejala: Pada infeksi lanjut, pustula berubah warna menjadi hitam (teliospores)', 'Gejala: Daun di sekitar tongkol paling rentan; infeksi berat menyebabkan penurunan hasil', 'Penanganan (tipe Kimia — Fungisida Sistemik): produk Anvil 50 SC (Heksakonazol), bahan aktif Heksakonazol 50 g/L, dosis 1–1,5 ml/liter air. Cara: Semprot merata seluruh kanopi termasuk bagian bawah daun.', 'Penanganan (tipe Kimia — Fungisida Kombinasi): produk Nativo 75 WG (Tebukonazol + Trifloksistrobin), bahan aktif Tebukonazol 50% + Trifloksistrobin 25%, dosis 0,5 g/liter air. Cara: Semprot merata tajuk; aplikasi pagi hari untuk efektivitas optimal.', 'Pencegahan: Gunakan benih hibrida jagung yang memiliki ketahanan tinggi terhadap karat (Puccinia sorghi).', 'Pencegahan: Tanam serempak dalam satu kawasan untuk mempersingkat periode rentan.', 'Pencegahan: Hindari jadwal tanam saat suhu malam diperkirakan sejuk (<20°C) yang mendukung infeksi.', 'Pencegahan: Sanitasi gulma rumput (Oxalis spp., inang alternasif) di sekitar lahan.', 'Pencegahan: Jaga keseimbangan pupuk Nitrogen — tanaman terlalu subur lebih rentan.', 'Perawatan: Hindari pemupukan Urea (Nitrogen) berlebih yang membuat daun lebih lunak dan rentan.', 'Perawatan: Aplikasikan Silika cair (Si) untuk mengeraskan dinding sel daun dan meningkatkan ketahanan.', 'Perawatan: Bila karat mencapai daun di sekitar tongkol sebelum fase pengisian biji, segera kendalikan secara kimia.', 'Perawatan: Monitoring mingguan dimulai dari fase V6 di wilayah endemik karat.', 'Perawatan: Rotasi tanaman membantu mengurangi tekanan penyakit musim berikutnya.', 'Karat Daun Jagung (Common Rust) disebabkan oleh Puccinia sorghi, tergolong keparahan sedang namun bisa serius jika menyerang saat fase pengisian biji. Gejala: pustula oval cokelat-oranye di kedua sisi daun yang melepaskan spora bubuk kemerahan saat disentuh, lalu mengering. Berkembang pada suhu sejuk 16–23°C dengan embun tinggi. Spora menyebar via angin jarak jauh. Penanganan: Anvil 50 SC (Heksakonazol 50 g/L, dosis 1–1,5 ml/liter) saat pustula pertama muncul, atau Nativo 75 WG (Tebukonazol + Trifloksistrobin, 0,5 g/liter) untuk kasus berat. Pencegahan: benih tahan karat, tanam serempak satu kawasan, hindari tanam saat malam sejuk, sanitasi gulma rumput. Perawatan: hindari Nitrogen berlebih, aplikasi Silika cair untuk ketahanan daun, monitoring mingguan dari fase V6.']","**Cara mencegah serangan Karat Daun Jagung (Common Rust):**

1. Pilih benih hibrida jagung yang memiliki ketahanan tinggi terhadap karat (Puccinia sorghi).  
2. Tanam serempak dalam satu kawasan agar periode tanaman rentan menjadi singkat.  
3. Hindari jadwal tanam ketika suhu malam diperkirakan di bawah 20 °C, karena suhu sejuk memicu infeksi.  
4. Lakukan sanitasi gulma rumput (misalnya Oxalis spp.) di sekitar lahan, karena gulma dapat menjadi inang alternatif patogen.  
5. Jaga keseimbangan pemupukan nitrogen; hindari pemupukan nitrogen berlebih yang membuat tanaman terlalu subur dan lebih rentan.","Pencegahan Karat Daun Jagung (Common Rust) meliputi: Gunakan benih hibrida jagung yang memiliki ketahanan tinggi terhadap karat (Puccinia sorghi). Tanam serempak dalam satu kawasan untuk mempersingkat periode rentan. Hindari jadwal tanam saat suhu malam diperkirakan sejuk (<20°C) yang mendukung infeksi. Sanitasi gulma rumput (Oxalis spp., inang alternasif) di sekitar lahan. Jaga keseimbangan pupuk Nitrogen — tanaman terlalu subur lebih rentan.",1.0,0.7460751017849317,0.5319742060124321,1.0,0.9586426984078039,1.0
Perawatan apa yang perlu dilakukan pada tanaman untuk mendukung pemulihan dan ketahanan terhadap Karat Daun Jagung (Common Rust)?,"['Patogen: Puccinia sorghi (tipe: Jamur Basidiomycete (karat/rust)). Penyebab utama: Uredospora terbawa angin jarak jauh dari wilayah penghasil karat; tidak bertahan di tanah. Kondisi pemicu: Suhu sejuk 16–23°C dengan embun yang sering, Kelembapan tinggi dan langit berawan, Tanaman yang ditanam saat suhu malam rendah.', 'Gejala: Pustula kecil berbentuk oval-memanjang, cokelat kemerahan hingga oranye, tersebar di kedua permukaan daun', 'Gejala: Spora berbentuk bubuk cokelat kemerahan (uredospora) keluar dari pustula saat disentuh', 'Gejala: Daun menguning di sekitar pustula (klorosis) dan dapat mengering', 'Gejala: Pada infeksi lanjut, pustula berubah warna menjadi hitam (teliospores)', 'Gejala: Daun di sekitar tongkol paling rentan; infeksi berat menyebabkan penurunan hasil', 'Penanganan (tipe Kimia — Fungisida Sistemik): produk Anvil 50 SC (Heksakonazol), bahan aktif Heksakonazol 50 g/L, dosis 1–1,5 ml/liter air. Cara: Semprot merata seluruh kanopi termasuk bagian bawah daun.', 'Penanganan (tipe Kimia — Fungisida Kombinasi): produk Nativo 75 WG (Tebukonazol + Trifloksistrobin), bahan aktif Tebukonazol 50% + Trifloksistrobin 25%, dosis 0,5 g/liter air. Cara: Semprot merata tajuk; aplikasi pagi hari untuk efektivitas optimal.', 'Pencegahan: Gunakan benih hibrida jagung yang memiliki ketahanan tinggi terhadap karat (Puccinia sorghi).', 'Pencegahan: Tanam serempak dalam satu kawasan untuk mempersingkat periode rentan.', 'Pencegahan: Hindari jadwal tanam saat suhu malam diperkirakan sejuk (<20°C) yang mendukung infeksi.', 'Pencegahan: Sanitasi gulma rumput (Oxalis spp., inang alternasif) di sekitar lahan.', 'Pencegahan: Jaga keseimbangan pupuk Nitrogen — tanaman terlalu subur lebih rentan.', 'Perawatan: Hindari pemupukan Urea (Nitrogen) berlebih yang membuat daun lebih lunak dan rentan.', 'Perawatan: Aplikasikan Silika cair (Si) untuk mengeraskan dinding sel daun dan meningkatkan ketahanan.', 'Perawatan: Bila karat mencapai daun di sekitar tongkol sebelum fase pengisian biji, segera kendalikan secara kimia.', 'Perawatan: Monitoring mingguan dimulai dari fase V6 di wilayah endemik karat.', 'Perawatan: Rotasi tanaman membantu mengurangi tekanan penyakit musim berikutnya.', 'Karat Daun Jagung (Common Rust) disebabkan oleh Puccinia sorghi, tergolong keparahan sedang namun bisa serius jika menyerang saat fase pengisian biji. Gejala: pustula oval cokelat-oranye di kedua sisi daun yang melepaskan spora bubuk kemerahan saat disentuh, lalu mengering. Berkembang pada suhu sejuk 16–23°C dengan embun tinggi. Spora menyebar via angin jarak jauh. Penanganan: Anvil 50 SC (Heksakonazol 50 g/L, dosis 1–1,5 ml/liter) saat pustula pertama muncul, atau Nativo 75 WG (Tebukonazol + Trifloksistrobin, 0,5 g/liter) untuk kasus berat. Pencegahan: benih tahan karat, tanam serempak satu kawasan, hindari tanam saat malam sejuk, sanitasi gulma rumput. Perawatan: hindari Nitrogen berlebih, aplikasi Silika cair untuk ketahanan daun, monitoring mingguan dari fase V6.']","Berikut perawatan yang dapat dilakukan untuk membantu pemulihan dan meningkatkan ketahanan tanaman jagung terhadap Karat Daun Jagung (Common Rust):

1. **Hindari pemupukan nitrogen berlebih (Urea)** – kelebihan nitrogen membuat daun menjadi lebih lunak dan rentan terhadap infeksi.  
2. **Aplikasikan silika cair (Si)** – silika mengeraskan dinding sel daun, sehingga meningkatkan ketahanan tanaman terhadap karat.  
3. **Lakukan monitoring mingguan** mulai fase V6, terutama di wilayah yang dikenal endemik karat, untuk mendeteksi gejala dini.  
4. **Rotasi tanaman** – ganti tanaman jagung dengan tanaman lain pada musim berikutnya untuk mengurangi tekanan penyakit.  
5. **Jika karat sudah menyebar ke daun sekitar tongkol sebelum fase pengisian biji, lakukan pengendalian kimia segera** (misalnya semprot fungisida yang telah direkomendasikan).  

Dengan menjalankan langkah‑langkah di atas, tanaman dapat pulih lebih cepat dan menjadi lebih tahan terhadap serangan karat selanjutnya.","Perawatan untuk tanaman yang terserang atau rentan Karat Daun Jagung (Common Rust) meliputi: Hindari pemupukan Urea (Nitrogen) berlebih yang membuat daun lebih lunak dan rentan. Aplikasikan Silika cair (Si) untuk mengeraskan dinding sel daun dan meningkatkan ketahanan. Bila karat mencapai daun di sekitar tongkol sebelum fase pengisian biji, segera kendalikan secara kimia. Monitoring mingguan dimulai dari fase V6 di wilayah endemik karat. Rotasi tanaman membantu mengurangi tekanan penyakit musim berikutnya.",1.0,0.8556027753578815,0.5044478998767505,1.0,0.8956887408287233,0.92
Apa penyebab Hawar Daun Utara Jagung (Northern Corn Leaf Blight) dan dalam kondisi apa penyakit ini berkembang?,"['Patogen: Exserohilum turcicum (tipe: Jamur Deuteromycete). Penyebab utama: Konidia dari sisa tanaman terinfeksi yang bertahan di permukaan tanah. Kondisi pemicu: Suhu moderat 18–27°C dengan kelembapan tinggi, Embun pagi yang sering dan cuaca berawan berkepanjangan, No-till atau sisa tanaman tidak dibenamkan.', ""Gejala: Lesi lebar berbentuk 'cerutu' atau elips memanjang (7–15 cm), berwarna abu-abu kecokelatan"", 'Gejala: Tepi lesi tidak berbatas urat daun (berbeda dengan GLS), tampak seperti daun terbakar', 'Gejala: Pada kondisi lembap, permukaan lesi tampak kehijauan gelap akibat sporulasi (konidia)', 'Gejala: Lesi bermula di daun bawah dan menyebar cepat ke atas saat kondisi mendukung', 'Gejala: Infeksi berat sebelum fase pengisian biji menyebabkan penurunan hasil 30–50%', 'Penanganan (tipe Kimia — Fungisida Kombinasi): produk Nativo 75 WG (Tebukonazol + Trifloksistrobin), bahan aktif Tebukonazol 50% + Trifloksistrobin 25%, dosis 0,5–1 g/liter air. Cara: Semprot merata tajuk tanaman; gunakan nosel datar untuk jangkauan kanopi optimal.', 'Penanganan (tipe Kimia — Fungisida Sistemik): produk Amistar Top 325 SC (Azoksistrobin + Difenokonazol), bahan aktif Azoksistrobin 200 g/L + Difenokonazol 125 g/L, dosis 0,5–1 ml/liter air. Cara: Aplikasi pada seluruh kanopi; fokus daun di atas tongkol.', 'Pencegahan: Tanam varietas toleran NCLB (Northern Corn Leaf Blight) dengan gen ketahanan Ht.', 'Pencegahan: Bajak dan benamkan sisa panen sedalam 15–20 cm untuk mempercepat dekomposisi inokulum.', 'Pencegahan: Lakukan rotasi tanaman dengan kedelai atau kacang-kacangan minimal satu musim.', 'Pencegahan: Seed treatment (perlakuan benih) dengan fungisida sebelum tanam untuk proteksi awal.', 'Pencegahan: Hindari jadwal tanam saat periode embun pagi tinggi diperkirakan berlarut.', 'Perawatan: Berikan pupuk daun mengandung Boron (B) dan Seng (Zn) untuk memperkuat ketahanan tanaman.', 'Perawatan: Monitor lahan secara intensif pasca hujan angin yang dapat menyebarkan konidia.', 'Perawatan: Pemupukan NPK sesuai dosis rekomendasi; Nitrogen berlebih memperparah kerentanan.', 'Perawatan: Jika terdapat ≥30% lesi sebelum fase pengisian biji, pertimbangkan fungisida segera.', 'Perawatan: Dokumentasikan keparahan per lahan sebagai referensi varietas dan manajemen musim depan.', 'Hawar Daun Utara Jagung (NCLB/Northern Corn Leaf Blight) disebabkan oleh Exserohilum turcicum dengan tingkat keparahan tinggi. Gejala khas: lesi elips besar berbentuk cerutu (7–15 cm), abu-abu kecokelatan, batas tidak tegas seperti daun terbakar — berbeda dari GLS yang berbatas urat daun. Berkembang pada suhu 18–27°C dengan embun pagi sering. Inokulum bertahan di sisa tanaman. Penanganan: Nativo 75 WG (Tebukonazol + Trifloksistrobin, dosis 0,5–1 g/liter) atau Amistar Top 325 SC (Azoksistrobin + Difenokonazol, 0,5–1 ml/liter), diaplikasikan saat gejala awal atau fase berbunga. Pencegahan: varietas dengan gen ketahanan Ht, bajak sisa tanaman, rotasi dengan kedelai, dan seed treatment. Perawatan: pupuk daun B dan Zn, monitoring pasca hujan angin, hindari Nitrogen berlebih.']","**Penyebab:**  
Hawar Daun Utara Jagung disebabkan oleh jamur *Exserohilum turcicum*. Inokulum utamanya adalah konidia yang berasal dari sisa tanaman terinfeksi dan bertahan di permukaan tanah.

**Kondisi yang memicu berkembangnya penyakit:**  
- Suhu moderat 18 – 27 °C.  
- Kelembapan tinggi, dengan embun pagi yang sering.  
- Cuaca berawan berkepanjangan.  
- Praktik no‑till atau sisa tanaman yang tidak dibenamkan ke dalam tanah.",Hawar Daun Utara Jagung (Northern Corn Leaf Blight) disebabkan oleh Jamur Deuteromycete Exserohilum turcicum. Konidia dari sisa tanaman terinfeksi yang bertahan di permukaan tanah. Penyakit ini berkembang pesat pada kondisi: Suhu moderat 18–27°C dengan kelembapan tinggi; Embun pagi yang sering dan cuaca berawan berkepanjangan; No-till atau sisa tanaman tidak dibenamkan.,1.0,0.5255761886725479,0.5526315789197368,1.0,0.8168796413763695,0.95
Apa saja gejala yang muncul pada tanaman yang terserang Hawar Daun Utara Jagung (Northern Corn Leaf Blight)?,"['Patogen: Exserohilum turcicum (tipe: Jamur Deuteromycete). Penyebab utama: Konidia dari sisa tanaman terinfeksi yang bertahan di permukaan tanah. Kondisi pemicu: Suhu moderat 18–27°C dengan kelembapan tinggi, Embun pagi yang sering dan cuaca berawan berkepanjangan, No-till atau sisa tanaman tidak dibenamkan.', ""Gejala: Lesi lebar berbentuk 'cerutu' atau elips memanjang (7–15 cm), berwarna abu-abu kecokelatan"", 'Gejala: Tepi lesi tidak berbatas urat daun (berbeda dengan GLS), tampak seperti daun terbakar', 'Gejala: Pada kondisi lembap, permukaan lesi tampak kehijauan gelap akibat sporulasi (konidia)', 'Gejala: Lesi bermula di daun bawah dan menyebar cepat ke atas saat kondisi mendukung', 'Gejala: Infeksi berat sebelum fase pengisian biji menyebabkan penurunan hasil 30–50%', 'Penanganan (tipe Kimia — Fungisida Kombinasi): produk Nativo 75 WG (Tebukonazol + Trifloksistrobin), bahan aktif Tebukonazol 50% + Trifloksistrobin 25%, dosis 0,5–1 g/liter air. Cara: Semprot merata tajuk tanaman; gunakan nosel datar untuk jangkauan kanopi optimal.', 'Penanganan (tipe Kimia — Fungisida Sistemik): produk Amistar Top 325 SC (Azoksistrobin + Difenokonazol), bahan aktif Azoksistrobin 200 g/L + Difenokonazol 125 g/L, dosis 0,5–1 ml/liter air. Cara: Aplikasi pada seluruh kanopi; fokus daun di atas tongkol.', 'Pencegahan: Tanam varietas toleran NCLB (Northern Corn Leaf Blight) dengan gen ketahanan Ht.', 'Pencegahan: Bajak dan benamkan sisa panen sedalam 15–20 cm untuk mempercepat dekomposisi inokulum.', 'Pencegahan: Lakukan rotasi tanaman dengan kedelai atau kacang-kacangan minimal satu musim.', 'Pencegahan: Seed treatment (perlakuan benih) dengan fungisida sebelum tanam untuk proteksi awal.', 'Pencegahan: Hindari jadwal tanam saat periode embun pagi tinggi diperkirakan berlarut.', 'Perawatan: Berikan pupuk daun mengandung Boron (B) dan Seng (Zn) untuk memperkuat ketahanan tanaman.', 'Perawatan: Monitor lahan secara intensif pasca hujan angin yang dapat menyebarkan konidia.', 'Perawatan: Pemupukan NPK sesuai dosis rekomendasi; Nitrogen berlebih memperparah kerentanan.', 'Perawatan: Jika terdapat ≥30% lesi sebelum fase pengisian biji, pertimbangkan fungisida segera.', 'Perawatan: Dokumentasikan keparahan per lahan sebagai referensi varietas dan manajemen musim depan.', 'Hawar Daun Utara Jagung (NCLB/Northern Corn Leaf Blight) disebabkan oleh Exserohilum turcicum dengan tingkat keparahan tinggi. Gejala khas: lesi elips besar berbentuk cerutu (7–15 cm), abu-abu kecokelatan, batas tidak tegas seperti daun terbakar — berbeda dari GLS yang berbatas urat daun. Berkembang pada suhu 18–27°C dengan embun pagi sering. Inokulum bertahan di sisa tanaman. Penanganan: Nativo 75 WG (Tebukonazol + Trifloksistrobin, dosis 0,5–1 g/liter) atau Amistar Top 325 SC (Azoksistrobin + Difenokonazol, 0,5–1 ml/liter), diaplikasikan saat gejala awal atau fase berbunga. Pencegahan: varietas dengan gen ketahanan Ht, bajak sisa tanaman, rotasi dengan kedelai, dan seed treatment. Perawatan: pupuk daun B dan Zn, monitoring pasca hujan angin, hindari Nitrogen berlebih.']","Berikut gejala yang muncul pada tanaman jagung yang terserang **Hawar Daun Utara Jagung (Northern Corn Leaf Blight)**:

1. Lesi lebar berbentuk “cerutu” atau elips memanjang (panjang ≈ 7–15 cm) berwarna abu‑abu kecokelatan.  
2. Tepi lesi tidak berbatas urat daun, tampak seperti daun yang terbakar (berbeda dengan GLS).  
3. Pada kondisi lembap, permukaan lesi berubah menjadi kehijauan gelap karena sporulasi (konidia).  
4. Lesi biasanya muncul pertama kali pada daun bagian bawah dan menyebar cepat ke atas ketika kondisi mendukung.  
5. Infeksi berat sebelum fase pengisian biji dapat menurunkan hasil panen sebesar 30–50 %.","Gejala Hawar Daun Utara Jagung (Northern Corn Leaf Blight) meliputi: Lesi lebar berbentuk 'cerutu' atau elips memanjang (7–15 cm), berwarna abu-abu kecokelatan; Tepi lesi tidak berbatas urat daun (berbeda dengan GLS), tampak seperti daun terbakar; Pada kondisi lembap, permukaan lesi tampak kehijauan gelap akibat sporulasi (konidia); Lesi bermula di daun bawah dan menyebar cepat ke atas saat kondisi mendukung; Infeksi berat sebelum fase pengisian biji menyebabkan penurunan hasil 30–50%.",1.0,0.9498428008459605,0.5959649122687825,1.0,0.9513168932097211,1.0
Bagaimana cara menangani Hawar Daun Utara Jagung (Northern Corn Leaf Blight) yang sudah terinfeksi?,"['Patogen: Exserohilum turcicum (tipe: Jamur Deuteromycete). Penyebab utama: Konidia dari sisa tanaman terinfeksi yang bertahan di permukaan tanah. Kondisi pemicu: Suhu moderat 18–27°C dengan kelembapan tinggi, Embun pagi yang sering dan cuaca berawan berkepanjangan, No-till atau sisa tanaman tidak dibenamkan.', ""Gejala: Lesi lebar berbentuk 'cerutu' atau elips memanjang (7–15 cm), berwarna abu-abu kecokelatan"", 'Gejala: Tepi lesi tidak berbatas urat daun (berbeda dengan GLS), tampak seperti daun terbakar', 'Gejala: Pada kondisi lembap, permukaan lesi tampak kehijauan gelap akibat sporulasi (konidia)', 'Gejala: Lesi bermula di daun bawah dan menyebar cepat ke atas saat kondisi mendukung', 'Gejala: Infeksi berat sebelum fase pengisian biji menyebabkan penurunan hasil 30–50%', 'Penanganan (tipe Kimia — Fungisida Kombinasi): produk Nativo 75 WG (Tebukonazol + Trifloksistrobin), bahan aktif Tebukonazol 50% + Trifloksistrobin 25%, dosis 0,5–1 g/liter air. Cara: Semprot merata tajuk tanaman; gunakan nosel datar untuk jangkauan kanopi optimal.', 'Penanganan (tipe Kimia — Fungisida Sistemik): produk Amistar Top 325 SC (Azoksistrobin + Difenokonazol), bahan aktif Azoksistrobin 200 g/L + Difenokonazol 125 g/L, dosis 0,5–1 ml/liter air. Cara: Aplikasi pada seluruh kanopi; fokus daun di atas tongkol.', 'Pencegahan: Tanam varietas toleran NCLB (Northern Corn Leaf Blight) dengan gen ketahanan Ht.', 'Pencegahan: Bajak dan benamkan sisa panen sedalam 15–20 cm untuk mempercepat dekomposisi inokulum.', 'Pencegahan: Lakukan rotasi tanaman dengan kedelai atau kacang-kacangan minimal satu musim.', 'Pencegahan: Seed treatment (perlakuan benih) dengan fungisida sebelum tanam untuk proteksi awal.', 'Pencegahan: Hindari jadwal tanam saat periode embun pagi tinggi diperkirakan berlarut.', 'Perawatan: Berikan pupuk daun mengandung Boron (B) dan Seng (Zn) untuk memperkuat ketahanan tanaman.', 'Perawatan: Monitor lahan secara intensif pasca hujan angin yang dapat menyebarkan konidia.', 'Perawatan: Pemupukan NPK sesuai dosis rekomendasi; Nitrogen berlebih memperparah kerentanan.', 'Perawatan: Jika terdapat ≥30% lesi sebelum fase pengisian biji, pertimbangkan fungisida segera.', 'Perawatan: Dokumentasikan keparahan per lahan sebagai referensi varietas dan manajemen musim depan.', 'Hawar Daun Utara Jagung (NCLB/Northern Corn Leaf Blight) disebabkan oleh Exserohilum turcicum dengan tingkat keparahan tinggi. Gejala khas: lesi elips besar berbentuk cerutu (7–15 cm), abu-abu kecokelatan, batas tidak tegas seperti daun terbakar — berbeda dari GLS yang berbatas urat daun. Berkembang pada suhu 18–27°C dengan embun pagi sering. Inokulum bertahan di sisa tanaman. Penanganan: Nativo 75 WG (Tebukonazol + Trifloksistrobin, dosis 0,5–1 g/liter) atau Amistar Top 325 SC (Azoksistrobin + Difenokonazol, 0,5–1 ml/liter), diaplikasikan saat gejala awal atau fase berbunga. Pencegahan: varietas dengan gen ketahanan Ht, bajak sisa tanaman, rotasi dengan kedelai, dan seed treatment. Perawatan: pupuk daun B dan Zn, monitoring pasca hujan angin, hindari Nitrogen berlebih.']","**Penanganan Hawar Daun Utara Jagung yang sudah terinfeksi**

1. **Aplikasi fungisida kimia**  
   - **Nativo 75 WG** (Tebukonazol 50 % + Trifloksistrobin 25 %)  
     - Dosis: **0,5–1 g per liter air**.  
     - Cara: Semprot merata pada tajuk tanaman, gunakan nosel datar agar cairan menutupi seluruh kanopi daun.  
   - **Amistar Top 325 SC** (Azoksistrobin 200 g/L + Difenokonazol 125 g/L)  
     - Dosis: **0,5–1 ml per liter air**.  
     - Cara: Aplikasikan pada seluruh kanopi, fokuskan pada daun‑daun di atas tongkol.

2. **Waktu aplikasi**  
   - Lakukan penyemprotan **segera setelah gejala pertama muncul** atau bila lesi sudah mencapai **≥30 %** sebelum fase pengisian biji.

3. **Langkah lanjutan setelah penyemprotan**  
   - **Pantau lahan secara intensif**, terutama setelah hujan atau angin yang dapat menyebarkan konidia.  
   - Beri **pupuk daun mengandung Boron (B) dan Seng (Zn)** untuk memperkuat ketahanan tanaman.  
   - Hindari pemupukan nitrogen berlebih, karena dapat memperparah kerentanan.

Dengan mengikuti langkah‑langkah di atas, infeksi dapat dikendalikan dan kerugian hasil dapat diminimalkan.","Penanganan Hawar Daun Utara Jagung (Northern Corn Leaf Blight) dapat dilakukan dengan: Nativo 75 WG (Tebukonazol + Trifloksistrobin) (Tebukonazol 50% + Trifloksistrobin 25%, dosis 0,5–1 g/liter air) — cara: Semprot merata tajuk tanaman; gunakan nosel datar untuk jangkauan kanopi optimal; waktu: Saat gejala awal muncul (deteksi lesi pertama) atau pada fase berbunga (VT/R1); Amistar Top 325 SC (Azoksistrobin + Difenokonazol) (Azoksistrobin 200 g/L + Difenokonazol 125 g/L, dosis 0,5–1 ml/liter air) — cara: Aplikasi pada seluruh kanopi; fokus daun di atas tongkol; waktu: Fase V8 hingga VT; tidak efektif jika diaplikasikan setelah 50% daun hawar.",1.0,0.9550287644479926,0.4318332596110006,1.0,0.779658760551274,0.76
Bagaimana cara mencegah serangan Hawar Daun Utara Jagung (Northern Corn Leaf Blight)?,"['Patogen: Exserohilum turcicum (tipe: Jamur Deuteromycete). Penyebab utama: Konidia dari sisa tanaman terinfeksi yang bertahan di permukaan tanah. Kondisi pemicu: Suhu moderat 18–27°C dengan kelembapan tinggi, Embun pagi yang sering dan cuaca berawan berkepanjangan, No-till atau sisa tanaman tidak dibenamkan.', ""Gejala: Lesi lebar berbentuk 'cerutu' atau elips memanjang (7–15 cm), berwarna abu-abu kecokelatan"", 'Gejala: Tepi lesi tidak berbatas urat daun (berbeda dengan GLS), tampak seperti daun terbakar', 'Gejala: Pada kondisi lembap, permukaan lesi tampak kehijauan gelap akibat sporulasi (konidia)', 'Gejala: Lesi bermula di daun bawah dan menyebar cepat ke atas saat kondisi mendukung', 'Gejala: Infeksi berat sebelum fase pengisian biji menyebabkan penurunan hasil 30–50%', 'Penanganan (tipe Kimia — Fungisida Kombinasi): produk Nativo 75 WG (Tebukonazol + Trifloksistrobin), bahan aktif Tebukonazol 50% + Trifloksistrobin 25%, dosis 0,5–1 g/liter air. Cara: Semprot merata tajuk tanaman; gunakan nosel datar untuk jangkauan kanopi optimal.', 'Penanganan (tipe Kimia — Fungisida Sistemik): produk Amistar Top 325 SC (Azoksistrobin + Difenokonazol), bahan aktif Azoksistrobin 200 g/L + Difenokonazol 125 g/L, dosis 0,5–1 ml/liter air. Cara: Aplikasi pada seluruh kanopi; fokus daun di atas tongkol.', 'Pencegahan: Tanam varietas toleran NCLB (Northern Corn Leaf Blight) dengan gen ketahanan Ht.', 'Pencegahan: Bajak dan benamkan sisa panen sedalam 15–20 cm untuk mempercepat dekomposisi inokulum.', 'Pencegahan: Lakukan rotasi tanaman dengan kedelai atau kacang-kacangan minimal satu musim.', 'Pencegahan: Seed treatment (perlakuan benih) dengan fungisida sebelum tanam untuk proteksi awal.', 'Pencegahan: Hindari jadwal tanam saat periode embun pagi tinggi diperkirakan berlarut.', 'Perawatan: Berikan pupuk daun mengandung Boron (B) dan Seng (Zn) untuk memperkuat ketahanan tanaman.', 'Perawatan: Monitor lahan secara intensif pasca hujan angin yang dapat menyebarkan konidia.', 'Perawatan: Pemupukan NPK sesuai dosis rekomendasi; Nitrogen berlebih memperparah kerentanan.', 'Perawatan: Jika terdapat ≥30% lesi sebelum fase pengisian biji, pertimbangkan fungisida segera.', 'Perawatan: Dokumentasikan keparahan per lahan sebagai referensi varietas dan manajemen musim depan.', 'Hawar Daun Utara Jagung (NCLB/Northern Corn Leaf Blight) disebabkan oleh Exserohilum turcicum dengan tingkat keparahan tinggi. Gejala khas: lesi elips besar berbentuk cerutu (7–15 cm), abu-abu kecokelatan, batas tidak tegas seperti daun terbakar — berbeda dari GLS yang berbatas urat daun. Berkembang pada suhu 18–27°C dengan embun pagi sering. Inokulum bertahan di sisa tanaman. Penanganan: Nativo 75 WG (Tebukonazol + Trifloksistrobin, dosis 0,5–1 g/liter) atau Amistar Top 325 SC (Azoksistrobin + Difenokonazol, 0,5–1 ml/liter), diaplikasikan saat gejala awal atau fase berbunga. Pencegahan: varietas dengan gen ketahanan Ht, bajak sisa tanaman, rotasi dengan kedelai, dan seed treatment. Perawatan: pupuk daun B dan Zn, monitoring pasca hujan angin, hindari Nitrogen berlebih.']","**Cara mencegah serangan Hawar Daun Utara Jagung (Northern Corn Leaf Blight):**

1. **Tanam varietas toleran** yang mengandung gen ketahanan **Ht**.  
2. **Bajak dan benamkan sisa panen** ke dalam tanah sedalam **15–20 cm** untuk mempercepat dekomposisi inokulum.  
3. **Lakukan rotasi tanaman** dengan kedelai atau kacang‑kacangan setidaknya **satu musim** sebelum menanam jagung kembali.  
4. **Perlakukan benih** dengan fungisida (seed treatment) sebelum tanam untuk proteksi awal.  
5. **Hindari penanaman** pada periode yang diperkirakan akan mengalami **embun pagi tinggi** atau cuaca berawan lama.",Pencegahan Hawar Daun Utara Jagung (Northern Corn Leaf Blight) meliputi: Tanam varietas toleran NCLB (Northern Corn Leaf Blight) dengan gen ketahanan Ht. Bajak dan benamkan sisa panen sedalam 15–20 cm untuk mempercepat dekomposisi inokulum. Lakukan rotasi tanaman dengan kedelai atau kacang-kacangan minimal satu musim. Seed treatment (perlakuan benih) dengan fungisida sebelum tanam untuk proteksi awal. Hindari jadwal tanam saat periode embun pagi tinggi diperkirakan berlarut.,1.0,0.8828364976614966,0.5032067880469573,1.0,0.8784673793394295,1.0
Perawatan apa yang perlu dilakukan pada tanaman untuk mendukung pemulihan dan ketahanan terhadap Hawar Daun Utara Jagung (Northern Corn Leaf Blight)?,"['Patogen: Exserohilum turcicum (tipe: Jamur Deuteromycete). Penyebab utama: Konidia dari sisa tanaman terinfeksi yang bertahan di permukaan tanah. Kondisi pemicu: Suhu moderat 18–27°C dengan kelembapan tinggi, Embun pagi yang sering dan cuaca berawan berkepanjangan, No-till atau sisa tanaman tidak dibenamkan.', ""Gejala: Lesi lebar berbentuk 'cerutu' atau elips memanjang (7–15 cm), berwarna abu-abu kecokelatan"", 'Gejala: Tepi lesi tidak berbatas urat daun (berbeda dengan GLS), tampak seperti daun terbakar', 'Gejala: Pada kondisi lembap, permukaan lesi tampak kehijauan gelap akibat sporulasi (konidia)', 'Gejala: Lesi bermula di daun bawah dan menyebar cepat ke atas saat kondisi mendukung', 'Gejala: Infeksi berat sebelum fase pengisian biji menyebabkan penurunan hasil 30–50%', 'Penanganan (tipe Kimia — Fungisida Kombinasi): produk Nativo 75 WG (Tebukonazol + Trifloksistrobin), bahan aktif Tebukonazol 50% + Trifloksistrobin 25%, dosis 0,5–1 g/liter air. Cara: Semprot merata tajuk tanaman; gunakan nosel datar untuk jangkauan kanopi optimal.', 'Penanganan (tipe Kimia — Fungisida Sistemik): produk Amistar Top 325 SC (Azoksistrobin + Difenokonazol), bahan aktif Azoksistrobin 200 g/L + Difenokonazol 125 g/L, dosis 0,5–1 ml/liter air. Cara: Aplikasi pada seluruh kanopi; fokus daun di atas tongkol.', 'Pencegahan: Tanam varietas toleran NCLB (Northern Corn Leaf Blight) dengan gen ketahanan Ht.', 'Pencegahan: Bajak dan benamkan sisa panen sedalam 15–20 cm untuk mempercepat dekomposisi inokulum.', 'Pencegahan: Lakukan rotasi tanaman dengan kedelai atau kacang-kacangan minimal satu musim.', 'Pencegahan: Seed treatment (perlakuan benih) dengan fungisida sebelum tanam untuk proteksi awal.', 'Pencegahan: Hindari jadwal tanam saat periode embun pagi tinggi diperkirakan berlarut.', 'Perawatan: Berikan pupuk daun mengandung Boron (B) dan Seng (Zn) untuk memperkuat ketahanan tanaman.', 'Perawatan: Monitor lahan secara intensif pasca hujan angin yang dapat menyebarkan konidia.', 'Perawatan: Pemupukan NPK sesuai dosis rekomendasi; Nitrogen berlebih memperparah kerentanan.', 'Perawatan: Jika terdapat ≥30% lesi sebelum fase pengisian biji, pertimbangkan fungisida segera.', 'Perawatan: Dokumentasikan keparahan per lahan sebagai referensi varietas dan manajemen musim depan.', 'Hawar Daun Utara Jagung (NCLB/Northern Corn Leaf Blight) disebabkan oleh Exserohilum turcicum dengan tingkat keparahan tinggi. Gejala khas: lesi elips besar berbentuk cerutu (7–15 cm), abu-abu kecokelatan, batas tidak tegas seperti daun terbakar — berbeda dari GLS yang berbatas urat daun. Berkembang pada suhu 18–27°C dengan embun pagi sering. Inokulum bertahan di sisa tanaman. Penanganan: Nativo 75 WG (Tebukonazol + Trifloksistrobin, dosis 0,5–1 g/liter) atau Amistar Top 325 SC (Azoksistrobin + Difenokonazol, 0,5–1 ml/liter), diaplikasikan saat gejala awal atau fase berbunga. Pencegahan: varietas dengan gen ketahanan Ht, bajak sisa tanaman, rotasi dengan kedelai, dan seed treatment. Perawatan: pupuk daun B dan Zn, monitoring pasca hujan angin, hindari Nitrogen berlebih.']","**Perawatan untuk mendukung pemulihan dan meningkatkan ketahanan tanaman jagung terhadap Hawar Daun Utara (NCLB):**

1. **Pemupukan daun** – Semprotkan pupuk daun yang mengandung **Boron (B)** dan **Seng (Zn)** secara rutin. Kedua unsur ini memperkuat sistem pertahanan tanaman dan membantu pemulihan jaringan daun yang terserang.

2. **Pemupukan NPK yang seimbang** – Berikan NPK sesuai dosis rekomendasi daerah. Hindari pemupukan nitrogen berlebih karena dapat meningkatkan kerentanan terhadap penyakit.

3. **Monitoring intensif** – Lakukan pengamatan secara berkala, terutama setelah hujan atau angin kencang yang dapat menyebarkan konidia. Catat persentase lesi; bila ≥30 % sebelum fase pengisian biji, segera aplikasikan fungisida.

4. **Aplikasi fungisida tepat waktu** – Jika lesi sudah signifikan (≥30 % atau muncul pada fase berbunga), semprotkan fungisida yang telah direkomendasikan (mis. Nativo 75 WG atau Amistar Top 325 SC) sesuai dosis yang tertera.

5. **Pendokumentasian** – Catat tingkat keparahan per lahan setiap musim. Data ini berguna untuk memilih varietas atau strategi manajemen yang lebih baik pada musim berikutnya.

Dengan melakukan langkah‑langkah di atas, tanaman jagung akan lebih cepat pulih dari serangan NCLB dan memiliki ketahanan yang lebih baik terhadap infeksi selanjutnya.","Perawatan untuk tanaman yang terserang atau rentan Hawar Daun Utara Jagung (Northern Corn Leaf Blight) meliputi: Berikan pupuk daun mengandung Boron (B) dan Seng (Zn) untuk memperkuat ketahanan tanaman. Monitor lahan secara intensif pasca hujan angin yang dapat menyebarkan konidia. Pemupukan NPK sesuai dosis rekomendasi; Nitrogen berlebih memperparah kerentanan. Jika terdapat ≥30% lesi sebelum fase pengisian biji, pertimbangkan fungisida segera. Dokumentasikan keparahan per lahan sebagai referensi varietas dan manajemen musim depan.",0.8888888888888888,0.9061794395181842,0.49727910461933306,1.0,0.8161506636405931,0.83
Apa penyebab Busuk Hitam Anggur (Grape Black Rot) dan dalam kondisi apa penyakit ini berkembang?,"['Patogen: Guignardia bidwellii (tipe: Jamur Ascomycete). Penyebab utama: Spora dari mumi buah (di tandan atau tanah) yang bertahan dari musim sebelumnya. Kondisi pemicu: Suhu 21–27°C dengan hujan atau kelembapan tinggi, Periode basah daun ≥6 jam selama suhu > 16°C, Buah muda sangat rentan: 0–3 minggu setelah pembungaan.', 'Gejala: Buah muda menunjukkan bercak cokelat kecil yang cepat membesar dan menghitam', 'Gejala: Buah membusuk total, mengkerut, dan mengering menjadi mumi hitam keras yang menempel di tandan', 'Gejala: Bintik hitam kecil (piknida jamur) tampak di permukaan lesi buah', 'Gejala: Daun menunjukkan bercak melingkar cokelat-tan dengan tepi cokelat gelap, berisi piknida hitam di tengah', 'Gejala: Pucuk muda dan tangkai daun dapat terinfeksi membentuk lesi memanjang', 'Penanganan (tipe Kimia — Fungisida Sistemik Terbaik): produk Amistar Top 325 SC (Azoksistrobin + Difenokonazol), bahan aktif Azoksistrobin 200 g/L + Difenokonazol 125 g/L, dosis 0,5–1 ml/liter air. Cara: Semprot merata seluruh kanopi: daun, tandan buah, pucuk; semprot hingga runoff.', 'Penanganan (tipe Kimia — Fungisida Strobilurin): produk Abound / Quadris (Azoksistrobin), bahan aktif Azoksistrobin 250 g/L, dosis 0,4–0,8 ml/liter air; ikuti label produk. Cara: Semprot merata; hindari semprot saat hujan.', 'Penanganan (tipe Organik — Fungisida Tembaga): produk Nordox 56 WP (Tembaga Oksida), bahan aktif Tembaga Oksida 56%, dosis 1,5–2 g/liter air. Cara: Semprot preventif sebelum hujan; tambahkan perekat.', 'Pencegahan: Bakar dan musnahkan semua mumi buah yang tertinggal di tandan atau jatuh ke tanah setelah panen.', 'Pencegahan: Gunakan sistem trellis tinggi agar tandan buah jauh dari permukaan tanah dan sumber inokulum.', 'Pencegahan: Atur barisan tanaman searah angin dominan untuk mempercepat pengeringan kanopi.', 'Pencegahan: Sanitasi lahan total (penjarangan daun, pemangkasan ranting kering) selama periode dorman.', 'Pencegahan: Jangan biarkan gulma tinggi di bawah tandan yang meningkatkan kelembapan mikro.', 'Perawatan: Penjarangan daun di sekitar tandan buah untuk meningkatkan penetrasi fungisida dan aliran udara.', 'Perawatan: Gunakan irigasi tetes, bukan irigasi semprot dari atas, untuk mengurangi basahnya daun dan buah.', 'Perawatan: Pupuk Kalium (K) tinggi saat fase pematangan buah (veraison) untuk menguatkan kulit buah.', 'Perawatan: Pantau cuaca online: jika >6 jam basah daun pada suhu >18°C diprediksi, segera jadwalkan semprot.', 'Perawatan: Catat posisi dan jumlah mumi tiap musim sebagai indikator tekanan penyakit musim depan.', 'Busuk Hitam Anggur (Grape Black Rot) disebabkan oleh Guignardia bidwellii, penyakit paling serius dan keparahannya sangat tinggi pada tanaman anggur. Gejala khas: buah muda membusuk total lalu mengering menjadi mumi hitam keras di tandan; daun bergejala bercak cokelat berisi piknida hitam. Sangat berbahaya 0–4 minggu setelah pembungaan saat buah paling rentan. Berkembang pada suhu 21–27°C dengan hujan atau daun basah >6 jam. Penanganan terbaik: Amistar Top 325 SC (Azoksistrobin + Difenokonazol, dosis 0,5–1 ml/liter) disemprotkan interval 7–10 hari sejak bud break hingga berry set. Alternatif: Azoksistrobin tunggal (0,4–0,8 ml/liter). Organik: Nordox 56 WP (Tembaga Oksida, 1,5–2 g/liter) preventif sebelum hujan. Pencegahan: bakar mumi buah, trellis tinggi, atur barisan searah angin, sanitasi total dorman. Perawatan: penjarangan daun sekitar tandan, irigasi tetes, pupuk Kalium tinggi saat pematangan.']","**Penyebab:**  
Busuk Hitam Anggur disebabkan oleh jamur *Guignardia bidwellii*. Patogen ini menyebar melalui spora yang berada pada mumi buah (baik yang masih di tandan maupun yang jatuh ke tanah) dan bertahan dari musim sebelumnya.

**Kondisi yang memicu perkembangan penyakit:**  
- Suhu antara **21 °C–27 °C** disertai hujan atau kelembapan tinggi.  
- Daun atau buah berada dalam kondisi **basah ≥ 6 jam** ketika suhu di atas **16 °C**.  
- Buah muda sangat rentan, terutama pada **0–3 minggu setelah pembungaan**.",Busuk Hitam Anggur (Grape Black Rot) disebabkan oleh Jamur Ascomycete Guignardia bidwellii. Spora dari mumi buah (di tandan atau tanah) yang bertahan dari musim sebelumnya. Penyakit ini berkembang pesat pada kondisi: Suhu 21–27°C dengan hujan atau kelembapan tinggi; Periode basah daun ≥6 jam selama suhu > 16°C; Buah muda sangat rentan: 0–3 minggu setelah pembungaan.,1.0,0.9027512532311385,0.5499999999725,1.0,0.8558153722984491,1.0
Apa saja gejala yang muncul pada tanaman yang terserang Busuk Hitam Anggur (Grape Black Rot)?,"['Patogen: Guignardia bidwellii (tipe: Jamur Ascomycete). Penyebab utama: Spora dari mumi buah (di tandan atau tanah) yang bertahan dari musim sebelumnya. Kondisi pemicu: Suhu 21–27°C dengan hujan atau kelembapan tinggi, Periode basah daun ≥6 jam selama suhu > 16°C, Buah muda sangat rentan: 0–3 minggu setelah pembungaan.', 'Gejala: Buah muda menunjukkan bercak cokelat kecil yang cepat membesar dan menghitam', 'Gejala: Buah membusuk total, mengkerut, dan mengering menjadi mumi hitam keras yang menempel di tandan', 'Gejala: Bintik hitam kecil (piknida jamur) tampak di permukaan lesi buah', 'Gejala: Daun menunjukkan bercak melingkar cokelat-tan dengan tepi cokelat gelap, berisi piknida hitam di tengah', 'Gejala: Pucuk muda dan tangkai daun dapat terinfeksi membentuk lesi memanjang', 'Penanganan (tipe Kimia — Fungisida Sistemik Terbaik): produk Amistar Top 325 SC (Azoksistrobin + Difenokonazol), bahan aktif Azoksistrobin 200 g/L + Difenokonazol 125 g/L, dosis 0,5–1 ml/liter air. Cara: Semprot merata seluruh kanopi: daun, tandan buah, pucuk; semprot hingga runoff.', 'Penanganan (tipe Kimia — Fungisida Strobilurin): produk Abound / Quadris (Azoksistrobin), bahan aktif Azoksistrobin 250 g/L, dosis 0,4–0,8 ml/liter air; ikuti label produk. Cara: Semprot merata; hindari semprot saat hujan.', 'Penanganan (tipe Organik — Fungisida Tembaga): produk Nordox 56 WP (Tembaga Oksida), bahan aktif Tembaga Oksida 56%, dosis 1,5–2 g/liter air. Cara: Semprot preventif sebelum hujan; tambahkan perekat.', 'Pencegahan: Bakar dan musnahkan semua mumi buah yang tertinggal di tandan atau jatuh ke tanah setelah panen.', 'Pencegahan: Gunakan sistem trellis tinggi agar tandan buah jauh dari permukaan tanah dan sumber inokulum.', 'Pencegahan: Atur barisan tanaman searah angin dominan untuk mempercepat pengeringan kanopi.', 'Pencegahan: Sanitasi lahan total (penjarangan daun, pemangkasan ranting kering) selama periode dorman.', 'Pencegahan: Jangan biarkan gulma tinggi di bawah tandan yang meningkatkan kelembapan mikro.', 'Perawatan: Penjarangan daun di sekitar tandan buah untuk meningkatkan penetrasi fungisida dan aliran udara.', 'Perawatan: Gunakan irigasi tetes, bukan irigasi semprot dari atas, untuk mengurangi basahnya daun dan buah.', 'Perawatan: Pupuk Kalium (K) tinggi saat fase pematangan buah (veraison) untuk menguatkan kulit buah.', 'Perawatan: Pantau cuaca online: jika >6 jam basah daun pada suhu >18°C diprediksi, segera jadwalkan semprot.', 'Perawatan: Catat posisi dan jumlah mumi tiap musim sebagai indikator tekanan penyakit musim depan.', 'Busuk Hitam Anggur (Grape Black Rot) disebabkan oleh Guignardia bidwellii, penyakit paling serius dan keparahannya sangat tinggi pada tanaman anggur. Gejala khas: buah muda membusuk total lalu mengering menjadi mumi hitam keras di tandan; daun bergejala bercak cokelat berisi piknida hitam. Sangat berbahaya 0–4 minggu setelah pembungaan saat buah paling rentan. Berkembang pada suhu 21–27°C dengan hujan atau daun basah >6 jam. Penanganan terbaik: Amistar Top 325 SC (Azoksistrobin + Difenokonazol, dosis 0,5–1 ml/liter) disemprotkan interval 7–10 hari sejak bud break hingga berry set. Alternatif: Azoksistrobin tunggal (0,4–0,8 ml/liter). Organik: Nordox 56 WP (Tembaga Oksida, 1,5–2 g/liter) preventif sebelum hujan. Pencegahan: bakar mumi buah, trellis tinggi, atur barisan searah angin, sanitasi total dorman. Perawatan: penjarangan daun sekitar tandan, irigasi tetes, pupuk Kalium tinggi saat pematangan.']","**Gejala Busuk Hitam Anggur (Grape Black Rot):**

1. Buah muda menampakkan bercak cokelat kecil yang cepat membesar dan menghitam.  
2. Buah kemudian membusuk total, mengkerut, dan mengering menjadi mumi hitam keras yang menempel di tandan.  
3. Pada permukaan lesi buah terlihat bintik hitam kecil (piknida jamur).  
4. Daun menunjukkan bercak melingkar cokelat‑tan dengan tepi cokelat gelap, berisi piknida hitam di tengah.  
5. Pucuk muda dan tangkai daun dapat terinfeksi, membentuk lesi memanjang.","Gejala Busuk Hitam Anggur (Grape Black Rot) meliputi: Buah muda menunjukkan bercak cokelat kecil yang cepat membesar dan menghitam; Buah membusuk total, mengkerut, dan mengering menjadi mumi hitam keras yang menempel di tandan; Bintik hitam kecil (piknida jamur) tampak di permukaan lesi buah; Daun menunjukkan bercak melingkar cokelat-tan dengan tepi cokelat gelap, berisi piknida hitam di tengah; Pucuk muda dan tangkai daun dapat terinfeksi membentuk lesi memanjang.",1.0,0.9392862401735043,0.8833333333186111,1.0,0.9447882570969541,1.0
Bagaimana cara menangani Busuk Hitam Anggur (Grape Black Rot) yang sudah terinfeksi?,"['Patogen: Guignardia bidwellii (tipe: Jamur Ascomycete). Penyebab utama: Spora dari mumi buah (di tandan atau tanah) yang bertahan dari musim sebelumnya. Kondisi pemicu: Suhu 21–27°C dengan hujan atau kelembapan tinggi, Periode basah daun ≥6 jam selama suhu > 16°C, Buah muda sangat rentan: 0–3 minggu setelah pembungaan.', 'Gejala: Buah muda menunjukkan bercak cokelat kecil yang cepat membesar dan menghitam', 'Gejala: Buah membusuk total, mengkerut, dan mengering menjadi mumi hitam keras yang menempel di tandan', 'Gejala: Bintik hitam kecil (piknida jamur) tampak di permukaan lesi buah', 'Gejala: Daun menunjukkan bercak melingkar cokelat-tan dengan tepi cokelat gelap, berisi piknida hitam di tengah', 'Gejala: Pucuk muda dan tangkai daun dapat terinfeksi membentuk lesi memanjang', 'Penanganan (tipe Kimia — Fungisida Sistemik Terbaik): produk Amistar Top 325 SC (Azoksistrobin + Difenokonazol), bahan aktif Azoksistrobin 200 g/L + Difenokonazol 125 g/L, dosis 0,5–1 ml/liter air. Cara: Semprot merata seluruh kanopi: daun, tandan buah, pucuk; semprot hingga runoff.', 'Penanganan (tipe Kimia — Fungisida Strobilurin): produk Abound / Quadris (Azoksistrobin), bahan aktif Azoksistrobin 250 g/L, dosis 0,4–0,8 ml/liter air; ikuti label produk. Cara: Semprot merata; hindari semprot saat hujan.', 'Penanganan (tipe Organik — Fungisida Tembaga): produk Nordox 56 WP (Tembaga Oksida), bahan aktif Tembaga Oksida 56%, dosis 1,5–2 g/liter air. Cara: Semprot preventif sebelum hujan; tambahkan perekat.', 'Pencegahan: Bakar dan musnahkan semua mumi buah yang tertinggal di tandan atau jatuh ke tanah setelah panen.', 'Pencegahan: Gunakan sistem trellis tinggi agar tandan buah jauh dari permukaan tanah dan sumber inokulum.', 'Pencegahan: Atur barisan tanaman searah angin dominan untuk mempercepat pengeringan kanopi.', 'Pencegahan: Sanitasi lahan total (penjarangan daun, pemangkasan ranting kering) selama periode dorman.', 'Pencegahan: Jangan biarkan gulma tinggi di bawah tandan yang meningkatkan kelembapan mikro.', 'Perawatan: Penjarangan daun di sekitar tandan buah untuk meningkatkan penetrasi fungisida dan aliran udara.', 'Perawatan: Gunakan irigasi tetes, bukan irigasi semprot dari atas, untuk mengurangi basahnya daun dan buah.', 'Perawatan: Pupuk Kalium (K) tinggi saat fase pematangan buah (veraison) untuk menguatkan kulit buah.', 'Perawatan: Pantau cuaca online: jika >6 jam basah daun pada suhu >18°C diprediksi, segera jadwalkan semprot.', 'Perawatan: Catat posisi dan jumlah mumi tiap musim sebagai indikator tekanan penyakit musim depan.', 'Busuk Hitam Anggur (Grape Black Rot) disebabkan oleh Guignardia bidwellii, penyakit paling serius dan keparahannya sangat tinggi pada tanaman anggur. Gejala khas: buah muda membusuk total lalu mengering menjadi mumi hitam keras di tandan; daun bergejala bercak cokelat berisi piknida hitam. Sangat berbahaya 0–4 minggu setelah pembungaan saat buah paling rentan. Berkembang pada suhu 21–27°C dengan hujan atau daun basah >6 jam. Penanganan terbaik: Amistar Top 325 SC (Azoksistrobin + Difenokonazol, dosis 0,5–1 ml/liter) disemprotkan interval 7–10 hari sejak bud break hingga berry set. Alternatif: Azoksistrobin tunggal (0,4–0,8 ml/liter). Organik: Nordox 56 WP (Tembaga Oksida, 1,5–2 g/liter) preventif sebelum hujan. Pencegahan: bakar mumi buah, trellis tinggi, atur barisan searah angin, sanitasi total dorman. Perawatan: penjarangan daun sekitar tandan, irigasi tetes, pupuk Kalium tinggi saat pematangan.']","**Penanganan Busuk Hitam Anggur yang sudah terinfeksi**

1. **Fungisida Sistemik (pilihan terbaik)**
   - **Produk:** Amistar Top 325 SC (Azoksistrobin + Difenokonazol)  
   - **Bahan aktif:** Azoksistrobin 200 g/L + Difenokonazol 125 g/L  
   - **Dosis:** 0,5–1 ml per liter air  
   - **Cara aplikasi:** Semprotkan secara merata seluruh kanopi (daun, tandan buah, pucuk) hingga terjadi runoff. Lakukan semprotan pada interval 7–10 hari sejak bud break hingga berry set.

2. **Fungisida Strobilurin (alternatif)**
   - **Produk:** Abound / Quadris (Azoksistrobin)  
   - **Bahan aktif:** Azoksistrobin 250 g/L  
   - **Dosis:** 0,4–0,8 ml per liter air (ikuti label produk)  
   - **Cara aplikasi:** Semprotkan merata seluruh kanopi; hindari penyemprotan saat hujan.

3. **Fungisida Organik (opsi ramah lingkungan)**
   - **Produk:** Nordox 56 WP (Tembaga Oksida)  
   - **Bahan aktif:** Tembaga Oksida 56 %  
   - **Dosis:** 1,5–2 g per liter air  
   - **Cara aplikasi:** Semprotkan secara preventif sebelum hujan; tambahkan bahan perekat untuk meningkatkan daya lekat pada permukaan buah dan daun. 

**Catatan:** Lakukan aplikasi hingga tercapai runoff agar fungisida dapat menembus lesi yang sudah terbentuk. Pastikan kondisi cuaca tidak hujan selama dan setelah penyemprotan agar efektivitas maksimal.","Penanganan Busuk Hitam Anggur (Grape Black Rot) dapat dilakukan dengan: Amistar Top 325 SC (Azoksistrobin + Difenokonazol) (Azoksistrobin 200 g/L + Difenokonazol 125 g/L, dosis 0,5–1 ml/liter air) — cara: Semprot merata seluruh kanopi: daun, tandan buah, pucuk; semprot hingga runoff; waktu: Mulai tunas tumbuh 5–10 cm (bud break) hingga 3–4 minggu setelah mekar; interval 7–10 hari saat cuaca basah; Abound / Quadris (Azoksistrobin) (Azoksistrobin 250 g/L, dosis 0,4–0,8 ml/liter air; ikuti label produk) — cara: Semprot merata; hindari semprot saat hujan; waktu: Fase bud break hingga berry set; interval 10–14 hari; Nordox 56 WP (Tembaga Oksida) (Tembaga Oksida 56%, dosis 1,5–2 g/liter air) — cara: Semprot preventif sebelum hujan; tambahkan perekat; waktu: Dorman hingga bud break untuk mengurangi inokulum awal musim.",1.0,0.9203867866528922,0.44754026610084835,0.75,0.8143867255531555,0.7
Bagaimana cara mencegah serangan Busuk Hitam Anggur (Grape Black Rot)?,"['Patogen: Guignardia bidwellii (tipe: Jamur Ascomycete). Penyebab utama: Spora dari mumi buah (di tandan atau tanah) yang bertahan dari musim sebelumnya. Kondisi pemicu: Suhu 21–27°C dengan hujan atau kelembapan tinggi, Periode basah daun ≥6 jam selama suhu > 16°C, Buah muda sangat rentan: 0–3 minggu setelah pembungaan.', 'Gejala: Buah muda menunjukkan bercak cokelat kecil yang cepat membesar dan menghitam', 'Gejala: Buah membusuk total, mengkerut, dan mengering menjadi mumi hitam keras yang menempel di tandan', 'Gejala: Bintik hitam kecil (piknida jamur) tampak di permukaan lesi buah', 'Gejala: Daun menunjukkan bercak melingkar cokelat-tan dengan tepi cokelat gelap, berisi piknida hitam di tengah', 'Gejala: Pucuk muda dan tangkai daun dapat terinfeksi membentuk lesi memanjang', 'Penanganan (tipe Kimia — Fungisida Sistemik Terbaik): produk Amistar Top 325 SC (Azoksistrobin + Difenokonazol), bahan aktif Azoksistrobin 200 g/L + Difenokonazol 125 g/L, dosis 0,5–1 ml/liter air. Cara: Semprot merata seluruh kanopi: daun, tandan buah, pucuk; semprot hingga runoff.', 'Penanganan (tipe Kimia — Fungisida Strobilurin): produk Abound / Quadris (Azoksistrobin), bahan aktif Azoksistrobin 250 g/L, dosis 0,4–0,8 ml/liter air; ikuti label produk. Cara: Semprot merata; hindari semprot saat hujan.', 'Penanganan (tipe Organik — Fungisida Tembaga): produk Nordox 56 WP (Tembaga Oksida), bahan aktif Tembaga Oksida 56%, dosis 1,5–2 g/liter air. Cara: Semprot preventif sebelum hujan; tambahkan perekat.', 'Pencegahan: Bakar dan musnahkan semua mumi buah yang tertinggal di tandan atau jatuh ke tanah setelah panen.', 'Pencegahan: Gunakan sistem trellis tinggi agar tandan buah jauh dari permukaan tanah dan sumber inokulum.', 'Pencegahan: Atur barisan tanaman searah angin dominan untuk mempercepat pengeringan kanopi.', 'Pencegahan: Sanitasi lahan total (penjarangan daun, pemangkasan ranting kering) selama periode dorman.', 'Pencegahan: Jangan biarkan gulma tinggi di bawah tandan yang meningkatkan kelembapan mikro.', 'Perawatan: Penjarangan daun di sekitar tandan buah untuk meningkatkan penetrasi fungisida dan aliran udara.', 'Perawatan: Gunakan irigasi tetes, bukan irigasi semprot dari atas, untuk mengurangi basahnya daun dan buah.', 'Perawatan: Pupuk Kalium (K) tinggi saat fase pematangan buah (veraison) untuk menguatkan kulit buah.', 'Perawatan: Pantau cuaca online: jika >6 jam basah daun pada suhu >18°C diprediksi, segera jadwalkan semprot.', 'Perawatan: Catat posisi dan jumlah mumi tiap musim sebagai indikator tekanan penyakit musim depan.', 'Busuk Hitam Anggur (Grape Black Rot) disebabkan oleh Guignardia bidwellii, penyakit paling serius dan keparahannya sangat tinggi pada tanaman anggur. Gejala khas: buah muda membusuk total lalu mengering menjadi mumi hitam keras di tandan; daun bergejala bercak cokelat berisi piknida hitam. Sangat berbahaya 0–4 minggu setelah pembungaan saat buah paling rentan. Berkembang pada suhu 21–27°C dengan hujan atau daun basah >6 jam. Penanganan terbaik: Amistar Top 325 SC (Azoksistrobin + Difenokonazol, dosis 0,5–1 ml/liter) disemprotkan interval 7–10 hari sejak bud break hingga berry set. Alternatif: Azoksistrobin tunggal (0,4–0,8 ml/liter). Organik: Nordox 56 WP (Tembaga Oksida, 1,5–2 g/liter) preventif sebelum hujan. Pencegahan: bakar mumi buah, trellis tinggi, atur barisan searah angin, sanitasi total dorman. Perawatan: penjarangan daun sekitar tandan, irigasi tetes, pupuk Kalium tinggi saat pematangan.']","**Cara mencegah serangan Busuk Hitam Anggur:**

1. Bakar atau musnahkan semua mumi buah yang tertinggal di tandan atau jatuh ke tanah setelah panen.  
2. Gunakan sistem trellis tinggi agar tandan buah berada jauh dari permukaan tanah dan sumber inokulum.  
3. Atur barisan tanaman searah angin dominan untuk mempercepat pengeringan kanopi.  
4. Lakukan sanitasi lahan total selama periode dorman (penjarangan daun, pemangkasan ranting kering).  
5. Jangan biarkan gulma tinggi di bawah tandan yang dapat meningkatkan kelembapan mikro.","Pencegahan Busuk Hitam Anggur (Grape Black Rot) meliputi: Bakar dan musnahkan semua mumi buah yang tertinggal di tandan atau jatuh ke tanah setelah panen. Gunakan sistem trellis tinggi agar tandan buah jauh dari permukaan tanah dan sumber inokulum. Atur barisan tanaman searah angin dominan untuk mempercepat pengeringan kanopi. Sanitasi lahan total (penjarangan daun, pemangkasan ranting kering) selama periode dorman. Jangan biarkan gulma tinggi di bawah tandan yang meningkatkan kelembapan mikro.",1.0,0.870963609469615,0.5808880840212675,1.0,0.915147394836737,1.0
Perawatan apa yang perlu dilakukan pada tanaman untuk mendukung pemulihan dan ketahanan terhadap Busuk Hitam Anggur (Grape Black Rot)?,"['Patogen: Guignardia bidwellii (tipe: Jamur Ascomycete). Penyebab utama: Spora dari mumi buah (di tandan atau tanah) yang bertahan dari musim sebelumnya. Kondisi pemicu: Suhu 21–27°C dengan hujan atau kelembapan tinggi, Periode basah daun ≥6 jam selama suhu > 16°C, Buah muda sangat rentan: 0–3 minggu setelah pembungaan.', 'Gejala: Buah muda menunjukkan bercak cokelat kecil yang cepat membesar dan menghitam', 'Gejala: Buah membusuk total, mengkerut, dan mengering menjadi mumi hitam keras yang menempel di tandan', 'Gejala: Bintik hitam kecil (piknida jamur) tampak di permukaan lesi buah', 'Gejala: Daun menunjukkan bercak melingkar cokelat-tan dengan tepi cokelat gelap, berisi piknida hitam di tengah', 'Gejala: Pucuk muda dan tangkai daun dapat terinfeksi membentuk lesi memanjang', 'Penanganan (tipe Kimia — Fungisida Sistemik Terbaik): produk Amistar Top 325 SC (Azoksistrobin + Difenokonazol), bahan aktif Azoksistrobin 200 g/L + Difenokonazol 125 g/L, dosis 0,5–1 ml/liter air. Cara: Semprot merata seluruh kanopi: daun, tandan buah, pucuk; semprot hingga runoff.', 'Penanganan (tipe Kimia — Fungisida Strobilurin): produk Abound / Quadris (Azoksistrobin), bahan aktif Azoksistrobin 250 g/L, dosis 0,4–0,8 ml/liter air; ikuti label produk. Cara: Semprot merata; hindari semprot saat hujan.', 'Penanganan (tipe Organik — Fungisida Tembaga): produk Nordox 56 WP (Tembaga Oksida), bahan aktif Tembaga Oksida 56%, dosis 1,5–2 g/liter air. Cara: Semprot preventif sebelum hujan; tambahkan perekat.', 'Pencegahan: Bakar dan musnahkan semua mumi buah yang tertinggal di tandan atau jatuh ke tanah setelah panen.', 'Pencegahan: Gunakan sistem trellis tinggi agar tandan buah jauh dari permukaan tanah dan sumber inokulum.', 'Pencegahan: Atur barisan tanaman searah angin dominan untuk mempercepat pengeringan kanopi.', 'Pencegahan: Sanitasi lahan total (penjarangan daun, pemangkasan ranting kering) selama periode dorman.', 'Pencegahan: Jangan biarkan gulma tinggi di bawah tandan yang meningkatkan kelembapan mikro.', 'Perawatan: Penjarangan daun di sekitar tandan buah untuk meningkatkan penetrasi fungisida dan aliran udara.', 'Perawatan: Gunakan irigasi tetes, bukan irigasi semprot dari atas, untuk mengurangi basahnya daun dan buah.', 'Perawatan: Pupuk Kalium (K) tinggi saat fase pematangan buah (veraison) untuk menguatkan kulit buah.', 'Perawatan: Pantau cuaca online: jika >6 jam basah daun pada suhu >18°C diprediksi, segera jadwalkan semprot.', 'Perawatan: Catat posisi dan jumlah mumi tiap musim sebagai indikator tekanan penyakit musim depan.', 'Busuk Hitam Anggur (Grape Black Rot) disebabkan oleh Guignardia bidwellii, penyakit paling serius dan keparahannya sangat tinggi pada tanaman anggur. Gejala khas: buah muda membusuk total lalu mengering menjadi mumi hitam keras di tandan; daun bergejala bercak cokelat berisi piknida hitam. Sangat berbahaya 0–4 minggu setelah pembungaan saat buah paling rentan. Berkembang pada suhu 21–27°C dengan hujan atau daun basah >6 jam. Penanganan terbaik: Amistar Top 325 SC (Azoksistrobin + Difenokonazol, dosis 0,5–1 ml/liter) disemprotkan interval 7–10 hari sejak bud break hingga berry set. Alternatif: Azoksistrobin tunggal (0,4–0,8 ml/liter). Organik: Nordox 56 WP (Tembaga Oksida, 1,5–2 g/liter) preventif sebelum hujan. Pencegahan: bakar mumi buah, trellis tinggi, atur barisan searah angin, sanitasi total dorman. Perawatan: penjarangan daun sekitar tandan, irigasi tetes, pupuk Kalium tinggi saat pematangan.']","Berikut perawatan yang dapat dilakukan pada tanaman anggur untuk membantu pemulihan dan meningkatkan ketahanan terhadap **Busuk Hitam Anggur**:

1. **Penjarangan daun** di sekitar tandan buah – memperbaiki sirkulasi udara dan memudahkan penetrasi fungisida.  
2. **Gunakan irigasi tetes** (bukan penyiraman dari atas) – mengurangi lama daun dan buah berada dalam kondisi basah.  
3. **Pemupukan Kalium (K) tinggi** pada fase pematangan buah (veraison) – memperkuat kulit buah sehingga lebih tahan terhadap infeksi.  
4. **Pantau cuaca secara online**; bila diprediksi > 6 jam daun basah pada suhu > 18 °C, segera jadwalkan semprot fungisida.  
5. **Catat posisi dan jumlah mumi** tiap musim – sebagai indikator tekanan penyakit dan membantu perencanaan tindakan pencegahan di musim berikutnya.","Perawatan untuk tanaman yang terserang atau rentan Busuk Hitam Anggur (Grape Black Rot) meliputi: Penjarangan daun di sekitar tandan buah untuk meningkatkan penetrasi fungisida dan aliran udara. Gunakan irigasi tetes, bukan irigasi semprot dari atas, untuk mengurangi basahnya daun dan buah. Pupuk Kalium (K) tinggi saat fase pematangan buah (veraison) untuk menguatkan kulit buah. Pantau cuaca online: jika >6 jam basah daun pada suhu >18°C diprediksi, segera jadwalkan semprot. Catat posisi dan jumlah mumi tiap musim sebagai indikator tekanan penyakit musim depan.",1.0,0.9640555469241434,0.4797862350020254,1.0,0.8074019097366151,1.0
Apa penyebab Esca / Black Measles Anggur dan dalam kondisi apa penyakit ini berkembang?,"['Patogen: Phaeomoniella chlamydospora dan Phaeoacremonium minimum (kompleks fungi kayu) (tipe: Jamur Ascomycete (patogen kayu/trunk disease)). Penyebab utama: Infeksi pada luka pangkasan yang terbuka, terutama saat kondisi basah di musim gugur-semi. Kondisi pemicu: Pohon anggur berumur > 5 tahun dengan banyak bekas pangkasan, Luka pangkasan dibiarkan terbuka di cuaca basah, Tidak ada perlindungan luka (wound sealing) pasca pangkas.', ""Gejala: Daun menunjukkan pola 'garis harimau' (tiger stripe): bercak klorosis kuning-merah antar urat daun"", 'Gejala: Bintik hitam kecil tersebar pada permukaan buah (black measles), buah tidak layak jual', 'Gejala: Kematian mendadak seluruh kanopi dalam satu musim (apoplexy / grapevine apoplexy)', 'Gejala: Kayu bagian dalam berwarna gelap atau memiliki sektor nekrotik saat batang dipotong', 'Gejala: Perlemahan progresif dari tahun ke tahun; tanaman tua (>5 tahun) paling terpengaruh', 'Penanganan (tipe Kimia — Proteksi Luka Pangkas): produk Topsin M 70 WP (Metil Tiofanat), bahan aktif Metil Tiofanat 70%, dosis Buat pasta kental: campurkan dengan air secukupnya. Cara: Oleskan tebal pada setiap luka pangkasan diameter > 1 cm; pastikan seluruh permukaan luka tertutup.', 'Penanganan (tipe Mekanis — Bedah Kayu): produk Tidak ada produk kimia; prosedur bedah kayu, bahan aktif N/A, dosis N/A. Cara: Potong bagian kayu terinfeksi (berwarna gelap) hingga jaringan putih sehat; oleskan Topsin pasta pada bekas potongan.', 'Pencegahan: Gunakan bibit berlabel bebas patogen kayu (Phaeomoniella, Phaeoacremonium) dari pembibitan bersertifikat.', 'Pencegahan: Pangkas hanya saat cuaca kering dan terik — hindari pemangkasan saat hujan atau embun berat.', 'Pencegahan: Terapkan teknik double pruning (pangkas kasar di musim gugur, finalisasi di akhir musim dorman) untuk meminimalkan luka besar.', 'Pencegahan: Oleskan wound sealant (pasta Topsin atau cat akrilik + asam borat 5%) pada SEMUA luka pangkasan.', 'Pencegahan: Bakar atau kubur dalam pohon anggur yang sudah terinfeksi batang utamanya — jangan biarkan di lahan.', 'Perawatan: Sterilkan gunting pangkas dan gergaji dengan alkohol 70% atau larutan pemutih 10% antara setiap pohon.', 'Perawatan: Tutup semua luka pangkasan, termasuk yang berukuran kecil, tanpa terkecuali.', 'Perawatan: Berikan pupuk organik (kompos) untuk meningkatkan vitalitas tanaman tua dan daya tahan terhadap penyakit.', 'Perawatan: Kurangi beban produksi pada pohon yang menunjukkan gejala esca untuk memperpanjang umur produktif.', 'Perawatan: Monitor warna daun tiap minggu di musim tanam — gejala tiger stripe awal sering terlewat.', ""Esca / Black Measles Anggur adalah penyakit kayu (trunk disease) sangat serius yang disebabkan oleh kompleks jamur Phaeomoniella chlamydospora dan Phaeoacremonium minimum. Penyakit ini menginfeksi luka pangkasan dan perlahan-lahan menghancurkan jaringan kayu. Gejala: pola 'tiger stripe' klorosis antar urat daun, bintik hitam pada buah (black measles), hingga apoplexy (kematian mendadak seluruh kanopi). Sangat berbahaya pada kebun anggur berumur >5 tahun. Tidak ada cara menyembuhkan infeksi dalam kayu — satu-satunya penanganan efektif adalah proteksi luka pangkasan dengan pasta Topsin M 70 WP (Metil Tiofanat 70%) yang dioleskan segera dalam 30 menit setelah pangkas. Pencegahan mutlak: pangkas hanya saat cuaca kering, oleskan wound sealant pada SEMUA luka, gunakan bibit bebas patogen, dan terapkan double pruning. Perawatan: sterilkan alat pangkas antarpohon, beri pupuk organik untuk vitalitas, dan monitoring warna daun mingguan.""]","**Penyebab:**  
Esca / Black Measles Anggur disebabkan oleh infeksi jamur kayu *Phaeomoniella chlamydospora* dan *Phaeoacremonium minimum*.

**Kondisi yang memicu penyakit berkembang:**  
- Tanaman anggur berumur > 5 tahun dengan banyak bekas pangkasan.  
- Luka pangkasan dibiarkan terbuka pada cuaca basah, terutama di musim gugur‑semi.  
- Tidak ada perlindungan luka (wound sealing) setelah pemangkasan.  

Dalam kondisi tersebut jamur masuk melalui luka pangkasan dan mulai menginfeksi jaringan kayu, sehingga penyakit dapat berkembang.","Esca / Black Measles Anggur disebabkan oleh Jamur Ascomycete (patogen kayu/trunk disease) Phaeomoniella chlamydospora dan Phaeoacremonium minimum (kompleks fungi kayu). Infeksi pada luka pangkasan yang terbuka, terutama saat kondisi basah di musim gugur-semi. Penyakit ini berkembang pesat pada kondisi: Pohon anggur berumur > 5 tahun dengan banyak bekas pangkasan; Luka pangkasan dibiarkan terbuka di cuaca basah; Tidak ada perlindungan luka (wound sealing) pasca pangkas.",1.0,0.9155720700116938,0.5526315789197368,1.0,0.9027827014286476,0.91
Apa saja gejala yang muncul pada tanaman yang terserang Esca / Black Measles Anggur?,"['Patogen: Phaeomoniella chlamydospora dan Phaeoacremonium minimum (kompleks fungi kayu) (tipe: Jamur Ascomycete (patogen kayu/trunk disease)). Penyebab utama: Infeksi pada luka pangkasan yang terbuka, terutama saat kondisi basah di musim gugur-semi. Kondisi pemicu: Pohon anggur berumur > 5 tahun dengan banyak bekas pangkasan, Luka pangkasan dibiarkan terbuka di cuaca basah, Tidak ada perlindungan luka (wound sealing) pasca pangkas.', ""Gejala: Daun menunjukkan pola 'garis harimau' (tiger stripe): bercak klorosis kuning-merah antar urat daun"", 'Gejala: Bintik hitam kecil tersebar pada permukaan buah (black measles), buah tidak layak jual', 'Gejala: Kematian mendadak seluruh kanopi dalam satu musim (apoplexy / grapevine apoplexy)', 'Gejala: Kayu bagian dalam berwarna gelap atau memiliki sektor nekrotik saat batang dipotong', 'Gejala: Perlemahan progresif dari tahun ke tahun; tanaman tua (>5 tahun) paling terpengaruh', 'Penanganan (tipe Kimia — Proteksi Luka Pangkas): produk Topsin M 70 WP (Metil Tiofanat), bahan aktif Metil Tiofanat 70%, dosis Buat pasta kental: campurkan dengan air secukupnya. Cara: Oleskan tebal pada setiap luka pangkasan diameter > 1 cm; pastikan seluruh permukaan luka tertutup.', 'Penanganan (tipe Mekanis — Bedah Kayu): produk Tidak ada produk kimia; prosedur bedah kayu, bahan aktif N/A, dosis N/A. Cara: Potong bagian kayu terinfeksi (berwarna gelap) hingga jaringan putih sehat; oleskan Topsin pasta pada bekas potongan.', 'Pencegahan: Gunakan bibit berlabel bebas patogen kayu (Phaeomoniella, Phaeoacremonium) dari pembibitan bersertifikat.', 'Pencegahan: Pangkas hanya saat cuaca kering dan terik — hindari pemangkasan saat hujan atau embun berat.', 'Pencegahan: Terapkan teknik double pruning (pangkas kasar di musim gugur, finalisasi di akhir musim dorman) untuk meminimalkan luka besar.', 'Pencegahan: Oleskan wound sealant (pasta Topsin atau cat akrilik + asam borat 5%) pada SEMUA luka pangkasan.', 'Pencegahan: Bakar atau kubur dalam pohon anggur yang sudah terinfeksi batang utamanya — jangan biarkan di lahan.', 'Perawatan: Sterilkan gunting pangkas dan gergaji dengan alkohol 70% atau larutan pemutih 10% antara setiap pohon.', 'Perawatan: Tutup semua luka pangkasan, termasuk yang berukuran kecil, tanpa terkecuali.', 'Perawatan: Berikan pupuk organik (kompos) untuk meningkatkan vitalitas tanaman tua dan daya tahan terhadap penyakit.', 'Perawatan: Kurangi beban produksi pada pohon yang menunjukkan gejala esca untuk memperpanjang umur produktif.', 'Perawatan: Monitor warna daun tiap minggu di musim tanam — gejala tiger stripe awal sering terlewat.', ""Esca / Black Measles Anggur adalah penyakit kayu (trunk disease) sangat serius yang disebabkan oleh kompleks jamur Phaeomoniella chlamydospora dan Phaeoacremonium minimum. Penyakit ini menginfeksi luka pangkasan dan perlahan-lahan menghancurkan jaringan kayu. Gejala: pola 'tiger stripe' klorosis antar urat daun, bintik hitam pada buah (black measles), hingga apoplexy (kematian mendadak seluruh kanopi). Sangat berbahaya pada kebun anggur berumur >5 tahun. Tidak ada cara menyembuhkan infeksi dalam kayu — satu-satunya penanganan efektif adalah proteksi luka pangkasan dengan pasta Topsin M 70 WP (Metil Tiofanat 70%) yang dioleskan segera dalam 30 menit setelah pangkas. Pencegahan mutlak: pangkas hanya saat cuaca kering, oleskan wound sealant pada SEMUA luka, gunakan bibit bebas patogen, dan terapkan double pruning. Perawatan: sterilkan alat pangkas antarpohon, beri pupuk organik untuk vitalitas, dan monitoring warna daun mingguan.""]","Berikut gejala yang muncul pada tanaman anggur yang terserang Esca / Black Measles:

1. Daun menunjukkan pola “garis harimau” (tiger stripe) berupa bercak klorosis kuning‑merah di antara urat daun.  
2. Bintik hitam kecil tersebar pada permukaan buah (black measles), membuat buah tidak layak jual.  
3. Kematian mendadak seluruh kanopi dalam satu musim (apoplexy / grapevine apoplexy).  
4. Kayu bagian dalam berwarna gelap atau memiliki sektor nekrotik saat batang dipotong.  
5. Perlemahan progresif dari tahun ke tahun, terutama pada tanaman tua (> 5 tahun).","Gejala Esca / Black Measles Anggur meliputi: Daun menunjukkan pola 'garis harimau' (tiger stripe): bercak klorosis kuning-merah antar urat daun; Bintik hitam kecil tersebar pada permukaan buah (black measles), buah tidak layak jual; Kematian mendadak seluruh kanopi dalam satu musim (apoplexy / grapevine apoplexy); Kayu bagian dalam berwarna gelap atau memiliki sektor nekrotik saat batang dipotong; Perlemahan progresif dari tahun ke tahun; tanaman tua (>5 tahun) paling terpengaruh.",1.0,0.8775497024775397,0.9097744360772287,1.0,0.9758290954838396,1.0
Bagaimana cara menangani Esca / Black Measles Anggur yang sudah terinfeksi?,"['Patogen: Phaeomoniella chlamydospora dan Phaeoacremonium minimum (kompleks fungi kayu) (tipe: Jamur Ascomycete (patogen kayu/trunk disease)). Penyebab utama: Infeksi pada luka pangkasan yang terbuka, terutama saat kondisi basah di musim gugur-semi. Kondisi pemicu: Pohon anggur berumur > 5 tahun dengan banyak bekas pangkasan, Luka pangkasan dibiarkan terbuka di cuaca basah, Tidak ada perlindungan luka (wound sealing) pasca pangkas.', ""Gejala: Daun menunjukkan pola 'garis harimau' (tiger stripe): bercak klorosis kuning-merah antar urat daun"", 'Gejala: Bintik hitam kecil tersebar pada permukaan buah (black measles), buah tidak layak jual', 'Gejala: Kematian mendadak seluruh kanopi dalam satu musim (apoplexy / grapevine apoplexy)', 'Gejala: Kayu bagian dalam berwarna gelap atau memiliki sektor nekrotik saat batang dipotong', 'Gejala: Perlemahan progresif dari tahun ke tahun; tanaman tua (>5 tahun) paling terpengaruh', 'Penanganan (tipe Kimia — Proteksi Luka Pangkas): produk Topsin M 70 WP (Metil Tiofanat), bahan aktif Metil Tiofanat 70%, dosis Buat pasta kental: campurkan dengan air secukupnya. Cara: Oleskan tebal pada setiap luka pangkasan diameter > 1 cm; pastikan seluruh permukaan luka tertutup.', 'Penanganan (tipe Mekanis — Bedah Kayu): produk Tidak ada produk kimia; prosedur bedah kayu, bahan aktif N/A, dosis N/A. Cara: Potong bagian kayu terinfeksi (berwarna gelap) hingga jaringan putih sehat; oleskan Topsin pasta pada bekas potongan.', 'Pencegahan: Gunakan bibit berlabel bebas patogen kayu (Phaeomoniella, Phaeoacremonium) dari pembibitan bersertifikat.', 'Pencegahan: Pangkas hanya saat cuaca kering dan terik — hindari pemangkasan saat hujan atau embun berat.', 'Pencegahan: Terapkan teknik double pruning (pangkas kasar di musim gugur, finalisasi di akhir musim dorman) untuk meminimalkan luka besar.', 'Pencegahan: Oleskan wound sealant (pasta Topsin atau cat akrilik + asam borat 5%) pada SEMUA luka pangkasan.', 'Pencegahan: Bakar atau kubur dalam pohon anggur yang sudah terinfeksi batang utamanya — jangan biarkan di lahan.', 'Perawatan: Sterilkan gunting pangkas dan gergaji dengan alkohol 70% atau larutan pemutih 10% antara setiap pohon.', 'Perawatan: Tutup semua luka pangkasan, termasuk yang berukuran kecil, tanpa terkecuali.', 'Perawatan: Berikan pupuk organik (kompos) untuk meningkatkan vitalitas tanaman tua dan daya tahan terhadap penyakit.', 'Perawatan: Kurangi beban produksi pada pohon yang menunjukkan gejala esca untuk memperpanjang umur produktif.', 'Perawatan: Monitor warna daun tiap minggu di musim tanam — gejala tiger stripe awal sering terlewat.', ""Esca / Black Measles Anggur adalah penyakit kayu (trunk disease) sangat serius yang disebabkan oleh kompleks jamur Phaeomoniella chlamydospora dan Phaeoacremonium minimum. Penyakit ini menginfeksi luka pangkasan dan perlahan-lahan menghancurkan jaringan kayu. Gejala: pola 'tiger stripe' klorosis antar urat daun, bintik hitam pada buah (black measles), hingga apoplexy (kematian mendadak seluruh kanopi). Sangat berbahaya pada kebun anggur berumur >5 tahun. Tidak ada cara menyembuhkan infeksi dalam kayu — satu-satunya penanganan efektif adalah proteksi luka pangkasan dengan pasta Topsin M 70 WP (Metil Tiofanat 70%) yang dioleskan segera dalam 30 menit setelah pangkas. Pencegahan mutlak: pangkas hanya saat cuaca kering, oleskan wound sealant pada SEMUA luka, gunakan bibit bebas patogen, dan terapkan double pruning. Perawatan: sterilkan alat pangkas antarpohon, beri pupuk organik untuk vitalitas, dan monitoring warna daun mingguan.""]","**Penanganan Esca / Black Measles Anggur yang sudah terinfeksi**

1. **Bedah kayu (mekanis)**
   - Potong bagian kayu yang sudah berwarna gelap atau menunjukkan nekrosis hingga mencapai jaringan kayu yang berwarna putih sehat.
   - Segera setelah pemotongan, oleskan pasta kental Topsin M 70 WP (metil tiophanat 70 %) pada bekas potongan untuk menutup luka.

2. **Proteksi luka pangkas (kimia)**
   - Buat pasta kental dengan mencampur Topsin M 70 WP dengan air secukupnya.
   - Oleskan tebal pasta tersebut pada setiap luka pangkas berdiameter > 1 cm, pastikan seluruh permukaan luka tertutup rapat.
   - Lakukan aplikasi secepat‑cepatnya (dalam 30 menit) setelah pemangkasan agar jamur tidak sempat masuk.

Langkah‑langkah di atas merupakan satu‑satunya cara penanganan yang efektif untuk tanaman yang sudah terinfeksi Esca. Setelah itu, lanjutkan perawatan lanjutan (sterilisasi alat, pemupukan organik, monitoring) untuk mendukung pemulihan tanaman.","Penanganan Esca / Black Measles Anggur dapat dilakukan dengan: Topsin M 70 WP (Metil Tiofanat) (Metil Tiofanat 70%, dosis Buat pasta kental: campurkan dengan air secukupnya) — cara: Oleskan tebal pada setiap luka pangkasan diameter > 1 cm; pastikan seluruh permukaan luka tertutup; waktu: Segera (dalam 30 menit) setelah pemangkasan selesai; Tidak ada produk kimia; prosedur bedah kayu (N/A, dosis N/A) — cara: Potong bagian kayu terinfeksi (berwarna gelap) hingga jaringan putih sehat; oleskan Topsin pasta pada bekas potongan; waktu: Saat dorman; hanya pada pohon yang masih memiliki bagian sehat.",0.8181818181818182,0.8190307819189314,0.4514411027478634,1.0,0.874776534462014,0.63
Bagaimana cara mencegah serangan Esca / Black Measles Anggur?,"['Patogen: Phaeomoniella chlamydospora dan Phaeoacremonium minimum (kompleks fungi kayu) (tipe: Jamur Ascomycete (patogen kayu/trunk disease)). Penyebab utama: Infeksi pada luka pangkasan yang terbuka, terutama saat kondisi basah di musim gugur-semi. Kondisi pemicu: Pohon anggur berumur > 5 tahun dengan banyak bekas pangkasan, Luka pangkasan dibiarkan terbuka di cuaca basah, Tidak ada perlindungan luka (wound sealing) pasca pangkas.', ""Gejala: Daun menunjukkan pola 'garis harimau' (tiger stripe): bercak klorosis kuning-merah antar urat daun"", 'Gejala: Bintik hitam kecil tersebar pada permukaan buah (black measles), buah tidak layak jual', 'Gejala: Kematian mendadak seluruh kanopi dalam satu musim (apoplexy / grapevine apoplexy)', 'Gejala: Kayu bagian dalam berwarna gelap atau memiliki sektor nekrotik saat batang dipotong', 'Gejala: Perlemahan progresif dari tahun ke tahun; tanaman tua (>5 tahun) paling terpengaruh', 'Penanganan (tipe Kimia — Proteksi Luka Pangkas): produk Topsin M 70 WP (Metil Tiofanat), bahan aktif Metil Tiofanat 70%, dosis Buat pasta kental: campurkan dengan air secukupnya. Cara: Oleskan tebal pada setiap luka pangkasan diameter > 1 cm; pastikan seluruh permukaan luka tertutup.', 'Penanganan (tipe Mekanis — Bedah Kayu): produk Tidak ada produk kimia; prosedur bedah kayu, bahan aktif N/A, dosis N/A. Cara: Potong bagian kayu terinfeksi (berwarna gelap) hingga jaringan putih sehat; oleskan Topsin pasta pada bekas potongan.', 'Pencegahan: Gunakan bibit berlabel bebas patogen kayu (Phaeomoniella, Phaeoacremonium) dari pembibitan bersertifikat.', 'Pencegahan: Pangkas hanya saat cuaca kering dan terik — hindari pemangkasan saat hujan atau embun berat.', 'Pencegahan: Terapkan teknik double pruning (pangkas kasar di musim gugur, finalisasi di akhir musim dorman) untuk meminimalkan luka besar.', 'Pencegahan: Oleskan wound sealant (pasta Topsin atau cat akrilik + asam borat 5%) pada SEMUA luka pangkasan.', 'Pencegahan: Bakar atau kubur dalam pohon anggur yang sudah terinfeksi batang utamanya — jangan biarkan di lahan.', 'Perawatan: Sterilkan gunting pangkas dan gergaji dengan alkohol 70% atau larutan pemutih 10% antara setiap pohon.', 'Perawatan: Tutup semua luka pangkasan, termasuk yang berukuran kecil, tanpa terkecuali.', 'Perawatan: Berikan pupuk organik (kompos) untuk meningkatkan vitalitas tanaman tua dan daya tahan terhadap penyakit.', 'Perawatan: Kurangi beban produksi pada pohon yang menunjukkan gejala esca untuk memperpanjang umur produktif.', 'Perawatan: Monitor warna daun tiap minggu di musim tanam — gejala tiger stripe awal sering terlewat.', ""Esca / Black Measles Anggur adalah penyakit kayu (trunk disease) sangat serius yang disebabkan oleh kompleks jamur Phaeomoniella chlamydospora dan Phaeoacremonium minimum. Penyakit ini menginfeksi luka pangkasan dan perlahan-lahan menghancurkan jaringan kayu. Gejala: pola 'tiger stripe' klorosis antar urat daun, bintik hitam pada buah (black measles), hingga apoplexy (kematian mendadak seluruh kanopi). Sangat berbahaya pada kebun anggur berumur >5 tahun. Tidak ada cara menyembuhkan infeksi dalam kayu — satu-satunya penanganan efektif adalah proteksi luka pangkasan dengan pasta Topsin M 70 WP (Metil Tiofanat 70%) yang dioleskan segera dalam 30 menit setelah pangkas. Pencegahan mutlak: pangkas hanya saat cuaca kering, oleskan wound sealant pada SEMUA luka, gunakan bibit bebas patogen, dan terapkan double pruning. Perawatan: sterilkan alat pangkas antarpohon, beri pupuk organik untuk vitalitas, dan monitoring warna daun mingguan.""]","**Cara mencegah serangan Esca / Black Measles pada anggur**

1. **Gunakan bibit bersertifikat bebas patogen** – pilih bibit dari pembibitan yang menjamin tidak terkontaminasi *Phaeomoniella* atau *Phaeoacremonium*.

2. **Lakukan pemangkasan hanya saat cuaca kering dan terik** – hindari pemangkasan pada hari hujan, embun tebal, atau musim basah.

3. **Terapkan teknik double pruning** – pangkas kasar di musim gugur, kemudian selesaikan pemangkasan akhir pada akhir dormansi untuk mengurangi ukuran luka.

4. **Segera tutup semua luka pangkasan** – oleskan wound sealant (pasta Topsin M 70 WP atau cat akrilik + asam borat 5 %) pada **setiap** luka, termasuk yang kecil, dalam waktu 30 menit setelah pemangkasan.

5. **Bakar atau kubur pohon yang sudah terinfeksi** – jangan biarkan sisa batang atau pohon yang terinfeksi tetap di lahan, karena dapat menjadi sumber inokulum.","Pencegahan Esca / Black Measles Anggur meliputi: Gunakan bibit berlabel bebas patogen kayu (Phaeomoniella, Phaeoacremonium) dari pembibitan bersertifikat. Pangkas hanya saat cuaca kering dan terik — hindari pemangkasan saat hujan atau embun berat. Terapkan teknik double pruning (pangkas kasar di musim gugur, finalisasi di akhir musim dorman) untuk meminimalkan luka besar. Oleskan wound sealant (pasta Topsin atau cat akrilik + asam borat 5%) pada SEMUA luka pangkasan. Bakar atau kubur dalam pohon anggur yang sudah terinfeksi batang utamanya — jangan biarkan di lahan.",1.0,0.8778055586150422,0.5358906038671056,1.0,0.8818189981556661,0.96
Perawatan apa yang perlu dilakukan pada tanaman untuk mendukung pemulihan dan ketahanan terhadap Esca / Black Measles Anggur?,"['Patogen: Phaeomoniella chlamydospora dan Phaeoacremonium minimum (kompleks fungi kayu) (tipe: Jamur Ascomycete (patogen kayu/trunk disease)). Penyebab utama: Infeksi pada luka pangkasan yang terbuka, terutama saat kondisi basah di musim gugur-semi. Kondisi pemicu: Pohon anggur berumur > 5 tahun dengan banyak bekas pangkasan, Luka pangkasan dibiarkan terbuka di cuaca basah, Tidak ada perlindungan luka (wound sealing) pasca pangkas.', ""Gejala: Daun menunjukkan pola 'garis harimau' (tiger stripe): bercak klorosis kuning-merah antar urat daun"", 'Gejala: Bintik hitam kecil tersebar pada permukaan buah (black measles), buah tidak layak jual', 'Gejala: Kematian mendadak seluruh kanopi dalam satu musim (apoplexy / grapevine apoplexy)', 'Gejala: Kayu bagian dalam berwarna gelap atau memiliki sektor nekrotik saat batang dipotong', 'Gejala: Perlemahan progresif dari tahun ke tahun; tanaman tua (>5 tahun) paling terpengaruh', 'Penanganan (tipe Kimia — Proteksi Luka Pangkas): produk Topsin M 70 WP (Metil Tiofanat), bahan aktif Metil Tiofanat 70%, dosis Buat pasta kental: campurkan dengan air secukupnya. Cara: Oleskan tebal pada setiap luka pangkasan diameter > 1 cm; pastikan seluruh permukaan luka tertutup.', 'Penanganan (tipe Mekanis — Bedah Kayu): produk Tidak ada produk kimia; prosedur bedah kayu, bahan aktif N/A, dosis N/A. Cara: Potong bagian kayu terinfeksi (berwarna gelap) hingga jaringan putih sehat; oleskan Topsin pasta pada bekas potongan.', 'Pencegahan: Gunakan bibit berlabel bebas patogen kayu (Phaeomoniella, Phaeoacremonium) dari pembibitan bersertifikat.', 'Pencegahan: Pangkas hanya saat cuaca kering dan terik — hindari pemangkasan saat hujan atau embun berat.', 'Pencegahan: Terapkan teknik double pruning (pangkas kasar di musim gugur, finalisasi di akhir musim dorman) untuk meminimalkan luka besar.', 'Pencegahan: Oleskan wound sealant (pasta Topsin atau cat akrilik + asam borat 5%) pada SEMUA luka pangkasan.', 'Pencegahan: Bakar atau kubur dalam pohon anggur yang sudah terinfeksi batang utamanya — jangan biarkan di lahan.', 'Perawatan: Sterilkan gunting pangkas dan gergaji dengan alkohol 70% atau larutan pemutih 10% antara setiap pohon.', 'Perawatan: Tutup semua luka pangkasan, termasuk yang berukuran kecil, tanpa terkecuali.', 'Perawatan: Berikan pupuk organik (kompos) untuk meningkatkan vitalitas tanaman tua dan daya tahan terhadap penyakit.', 'Perawatan: Kurangi beban produksi pada pohon yang menunjukkan gejala esca untuk memperpanjang umur produktif.', 'Perawatan: Monitor warna daun tiap minggu di musim tanam — gejala tiger stripe awal sering terlewat.', ""Esca / Black Measles Anggur adalah penyakit kayu (trunk disease) sangat serius yang disebabkan oleh kompleks jamur Phaeomoniella chlamydospora dan Phaeoacremonium minimum. Penyakit ini menginfeksi luka pangkasan dan perlahan-lahan menghancurkan jaringan kayu. Gejala: pola 'tiger stripe' klorosis antar urat daun, bintik hitam pada buah (black measles), hingga apoplexy (kematian mendadak seluruh kanopi). Sangat berbahaya pada kebun anggur berumur >5 tahun. Tidak ada cara menyembuhkan infeksi dalam kayu — satu-satunya penanganan efektif adalah proteksi luka pangkasan dengan pasta Topsin M 70 WP (Metil Tiofanat 70%) yang dioleskan segera dalam 30 menit setelah pangkas. Pencegahan mutlak: pangkas hanya saat cuaca kering, oleskan wound sealant pada SEMUA luka, gunakan bibit bebas patogen, dan terapkan double pruning. Perawatan: sterilkan alat pangkas antarpohon, beri pupuk organik untuk vitalitas, dan monitoring warna daun mingguan.""]","**Perawatan untuk mendukung pemulihan dan meningkatkan ketahanan tanaman anggur terhadap Esca / Black Measles**

- **Sterilisasi alat**: Cuci dan desinfeksi gunting pangkas serta gergaji dengan alkohol 70 % atau larutan pemutih 10 % setiap selesai memotong satu pohon, sebelum pindah ke pohon berikutnya.  
- **Tutup semua luka pangkas**: Oleskan pasta Topsin M 70 WP (atau cat akrilik + asam borat 5 %) pada **setiap** luka pangkas, termasuk yang kecil, sesegera mungkin (dalam 30 menit).  
- **Pemupukan organik**: Beri pupuk kompos secara rutin untuk meningkatkan vitalitas dan daya tahan tanaman tua.  
- **Pengurangan beban produksi**: Kurangi jumlah buah atau beban kerja pada pohon yang sudah menunjukkan gejala Esca, sehingga tanaman tidak terlalu stres dan dapat memulihkan diri lebih baik.  
- **Pemantauan daun**: Periksa warna daun setiap minggu, khususnya pola “tiger stripe” (klorosis antar urat). Deteksi dini membantu tindakan cepat sebelum infeksi menyebar.  

Melakukan langkah‑langkah di atas secara konsisten akan membantu tanaman pulih lebih baik dan memperkuat ketahanannya terhadap penyakit Esca / Black Measles.","Perawatan untuk tanaman yang terserang atau rentan Esca / Black Measles Anggur meliputi: Sterilkan gunting pangkas dan gergaji dengan alkohol 70% atau larutan pemutih 10% antara setiap pohon. Tutup semua luka pangkasan, termasuk yang berukuran kecil, tanpa terkecuali. Berikan pupuk organik (kompos) untuk meningkatkan vitalitas tanaman tua dan daya tahan terhadap penyakit. Kurangi beban produksi pada pohon yang menunjukkan gejala esca untuk memperpanjang umur produktif. Monitor warna daun tiap minggu di musim tanam — gejala tiger stripe awal sering terlewat.",0.6923076923076923,0.849817101458735,0.5274428719527955,1.0,0.8361339907069323,0.82
Apa penyebab Hawar Daun Anggur (Isariopsis / Pseudocercospora) dan dalam kondisi apa penyakit ini berkembang?,"['Patogen: Pseudocercospora vitis (tipe: Jamur Deuteromycete). Penyebab utama: Spora dari sisa daun terinfeksi di tanah atau kanopi yang lembap. Kondisi pemicu: Kelembapan udara tinggi (>85%) dengan kanopi yang terlalu rimbun, Cuaca hangat dan lembap di akhir musim tanam, Kebun dengan drainase buruk dan gulma lebat.', 'Gejala: Bercak tidak beraturan cokelat gelap pada daun tua, sering dimulai dari tepi atau ujung daun', 'Gejala: Bercak dapat bergabung dan menyebabkan daun mengering dan gugur prematur', 'Gejala: Sisi bawah daun pada kondisi lembap menunjukkan sporulasi (bulu-bulu halus jamur)', 'Gejala: Penurunan kadar gula buah akibat berkurangnya luas daun fotosintetik', 'Gejala: Umumnya muncul lebih lambat dalam musim tanam dibanding penyakit anggur lainnya', 'Penanganan (tipe Kimia — Fungisida Kontak Tembaga): produk Nordox 56 WP (Tembaga Oksida), bahan aktif Tembaga Oksida 56%, dosis 1–2 g/liter air. Cara: Semprot seluruh permukaan daun (atas dan bawah) hingga merata; tambahkan perekat.', 'Penanganan (tipe Kimia — Fungisida Sistemik): produk Score 250 EC (Difenokonazol), bahan aktif Difenokonazol 250 g/L, dosis 0,25–0,5 ml/liter air. Cara: Semprot merata ke seluruh kanopi; fokus pada daun tua yang pertama bergejala.', 'Pencegahan: Bersihkan serasah daun dan sisa tanaman pasca panen untuk mengurangi inokulum.', 'Pencegahan: Lakukan penjarangan kanopi secara rutin untuk mengurangi kelembapan mikro.', 'Pencegahan: Kendalikan gulma di area perakaran dan di bawah kanopi.', 'Pencegahan: Pastikan sistem drainase lahan berjalan baik; hindari genangan.', 'Pencegahan: Atur jarak tanam dan trellis untuk memaksimalkan penetrasi sinar matahari dan aliran udara.', 'Perawatan: Berikan pupuk Kalium (K) cukup untuk memperkuat jaringan daun dan meningkatkan toleransi penyakit.', 'Perawatan: Lakukan monitoring daun tua di bagian bawah kanopi setiap 7–10 hari.', 'Perawatan: Hindari pemupukan Nitrogen berlebih yang menghasilkan daun rimbun dan lunak.', 'Perawatan: Aplikasikan mulsa di bawah tanaman untuk mengurangi percikan spora tanah.', 'Perawatan: Di akhir musim, pangkas dan bakar semua daun bergejala.', 'Hawar Daun Anggur (Isariopsis Leaf Spot / Pseudocercospora Leaf Spot) disebabkan oleh Pseudocercospora vitis dengan keparahan sedang. Gejala: bercak tidak beraturan cokelat gelap pada daun tua yang dapat bergabung dan menyebabkan gugur prematur, menurunkan luas fotosintetik dan kadar gula buah. Berkembang pada kelembapan >85% dengan kanopi rimbun, terutama di akhir musim. Penanganan: Nordox 56 WP (Tembaga Oksida 56%, dosis 1–2 g/liter) interval 10–14 hari sebagai protektan, atau Score 250 EC (Difenokonazol 250 g/L, 0,25–0,5 ml/liter) untuk pengendalian sistemik. Pencegahan: bersihkan serasah daun pasca panen, penjarangan kanopi, kendalikan gulma, pastikan drainase baik. Perawatan: pupuk Kalium cukup, monitoring daun tua bawah, hindari Nitrogen berlebih, mulsa untuk cegah percikan spora.']","**Penyebab**  
Hawar Daun Anggur disebabkan oleh jamur *Pseudocercospora vitis* (Isariopsis). Jamur ini menyebar melalui spora yang berasal dari sisa daun terinfeksi yang berada di tanah atau pada kanopi yang lembap.

**Kondisi yang memicu perkembangan penyakit**  
- Kelembapan udara tinggi (> 85%) terutama bila kanopi terlalu rimbun.  
- Cuaca hangat dan lembap pada akhir musim tanam.  
- Kebun dengan drainase buruk sehingga terjadi genangan air.  
- Gulma lebat di sekitar tanaman yang menambah kelembapan mikro.",Hawar Daun Anggur (Isariopsis / Pseudocercospora) disebabkan oleh Jamur Deuteromycete Pseudocercospora vitis. Spora dari sisa daun terinfeksi di tanah atau kanopi yang lembap. Penyakit ini berkembang pesat pada kondisi: Kelembapan udara tinggi (>85%) dengan kanopi yang terlalu rimbun; Cuaca hangat dan lembap di akhir musim tanam; Kebun dengan drainase buruk dan gulma lebat.,1.0,0.5259843403921661,0.5526315789197368,1.0,0.9363959886041712,0.74
Apa saja gejala yang muncul pada tanaman yang terserang Hawar Daun Anggur (Isariopsis / Pseudocercospora)?,"['Patogen: Pseudocercospora vitis (tipe: Jamur Deuteromycete). Penyebab utama: Spora dari sisa daun terinfeksi di tanah atau kanopi yang lembap. Kondisi pemicu: Kelembapan udara tinggi (>85%) dengan kanopi yang terlalu rimbun, Cuaca hangat dan lembap di akhir musim tanam, Kebun dengan drainase buruk dan gulma lebat.', 'Gejala: Bercak tidak beraturan cokelat gelap pada daun tua, sering dimulai dari tepi atau ujung daun', 'Gejala: Bercak dapat bergabung dan menyebabkan daun mengering dan gugur prematur', 'Gejala: Sisi bawah daun pada kondisi lembap menunjukkan sporulasi (bulu-bulu halus jamur)', 'Gejala: Penurunan kadar gula buah akibat berkurangnya luas daun fotosintetik', 'Gejala: Umumnya muncul lebih lambat dalam musim tanam dibanding penyakit anggur lainnya', 'Penanganan (tipe Kimia — Fungisida Kontak Tembaga): produk Nordox 56 WP (Tembaga Oksida), bahan aktif Tembaga Oksida 56%, dosis 1–2 g/liter air. Cara: Semprot seluruh permukaan daun (atas dan bawah) hingga merata; tambahkan perekat.', 'Penanganan (tipe Kimia — Fungisida Sistemik): produk Score 250 EC (Difenokonazol), bahan aktif Difenokonazol 250 g/L, dosis 0,25–0,5 ml/liter air. Cara: Semprot merata ke seluruh kanopi; fokus pada daun tua yang pertama bergejala.', 'Pencegahan: Bersihkan serasah daun dan sisa tanaman pasca panen untuk mengurangi inokulum.', 'Pencegahan: Lakukan penjarangan kanopi secara rutin untuk mengurangi kelembapan mikro.', 'Pencegahan: Kendalikan gulma di area perakaran dan di bawah kanopi.', 'Pencegahan: Pastikan sistem drainase lahan berjalan baik; hindari genangan.', 'Pencegahan: Atur jarak tanam dan trellis untuk memaksimalkan penetrasi sinar matahari dan aliran udara.', 'Perawatan: Berikan pupuk Kalium (K) cukup untuk memperkuat jaringan daun dan meningkatkan toleransi penyakit.', 'Perawatan: Lakukan monitoring daun tua di bagian bawah kanopi setiap 7–10 hari.', 'Perawatan: Hindari pemupukan Nitrogen berlebih yang menghasilkan daun rimbun dan lunak.', 'Perawatan: Aplikasikan mulsa di bawah tanaman untuk mengurangi percikan spora tanah.', 'Perawatan: Di akhir musim, pangkas dan bakar semua daun bergejala.', 'Hawar Daun Anggur (Isariopsis Leaf Spot / Pseudocercospora Leaf Spot) disebabkan oleh Pseudocercospora vitis dengan keparahan sedang. Gejala: bercak tidak beraturan cokelat gelap pada daun tua yang dapat bergabung dan menyebabkan gugur prematur, menurunkan luas fotosintetik dan kadar gula buah. Berkembang pada kelembapan >85% dengan kanopi rimbun, terutama di akhir musim. Penanganan: Nordox 56 WP (Tembaga Oksida 56%, dosis 1–2 g/liter) interval 10–14 hari sebagai protektan, atau Score 250 EC (Difenokonazol 250 g/L, 0,25–0,5 ml/liter) untuk pengendalian sistemik. Pencegahan: bersihkan serasah daun pasca panen, penjarangan kanopi, kendalikan gulma, pastikan drainase baik. Perawatan: pupuk Kalium cukup, monitoring daun tua bawah, hindari Nitrogen berlebih, mulsa untuk cegah percikan spora.']","**Gejala Hawar Daun Anggur (Isariopsis / Pseudocercospora):**

1. Bercak tidak beraturan berwarna cokelat gelap pada daun tua, biasanya muncul dari tepi atau ujung daun.  
2. Bercak‑bercak tersebut dapat bergabung, menyebabkan daun mengering dan gugur prematur.  
3. Pada sisi bawah daun yang lembap terlihat sporulasi berupa bulu‑bulu halus jamur.  
4. Penurunan kadar gula buah akibat berkurangnya luas daun yang dapat melakukan fotosintesis.  
5. Gejala biasanya muncul lebih lambat dibanding penyakit anggur lainnya, terutama pada akhir musim tanam.","Gejala Hawar Daun Anggur (Isariopsis / Pseudocercospora) meliputi: Bercak tidak beraturan cokelat gelap pada daun tua, sering dimulai dari tepi atau ujung daun; Bercak dapat bergabung dan menyebabkan daun mengering dan gugur prematur; Sisi bawah daun pada kondisi lembap menunjukkan sporulasi (bulu-bulu halus jamur); Penurunan kadar gula buah akibat berkurangnya luas daun fotosintetik; Umumnya muncul lebih lambat dalam musim tanam dibanding penyakit anggur lainnya.",1.0,0.8932618281224225,0.9097744360772287,1.0,0.9548253801322515,0.84
Bagaimana cara menangani Hawar Daun Anggur (Isariopsis / Pseudocercospora) yang sudah terinfeksi?,"['Patogen: Pseudocercospora vitis (tipe: Jamur Deuteromycete). Penyebab utama: Spora dari sisa daun terinfeksi di tanah atau kanopi yang lembap. Kondisi pemicu: Kelembapan udara tinggi (>85%) dengan kanopi yang terlalu rimbun, Cuaca hangat dan lembap di akhir musim tanam, Kebun dengan drainase buruk dan gulma lebat.', 'Gejala: Bercak tidak beraturan cokelat gelap pada daun tua, sering dimulai dari tepi atau ujung daun', 'Gejala: Bercak dapat bergabung dan menyebabkan daun mengering dan gugur prematur', 'Gejala: Sisi bawah daun pada kondisi lembap menunjukkan sporulasi (bulu-bulu halus jamur)', 'Gejala: Penurunan kadar gula buah akibat berkurangnya luas daun fotosintetik', 'Gejala: Umumnya muncul lebih lambat dalam musim tanam dibanding penyakit anggur lainnya', 'Penanganan (tipe Kimia — Fungisida Kontak Tembaga): produk Nordox 56 WP (Tembaga Oksida), bahan aktif Tembaga Oksida 56%, dosis 1–2 g/liter air. Cara: Semprot seluruh permukaan daun (atas dan bawah) hingga merata; tambahkan perekat.', 'Penanganan (tipe Kimia — Fungisida Sistemik): produk Score 250 EC (Difenokonazol), bahan aktif Difenokonazol 250 g/L, dosis 0,25–0,5 ml/liter air. Cara: Semprot merata ke seluruh kanopi; fokus pada daun tua yang pertama bergejala.', 'Pencegahan: Bersihkan serasah daun dan sisa tanaman pasca panen untuk mengurangi inokulum.', 'Pencegahan: Lakukan penjarangan kanopi secara rutin untuk mengurangi kelembapan mikro.', 'Pencegahan: Kendalikan gulma di area perakaran dan di bawah kanopi.', 'Pencegahan: Pastikan sistem drainase lahan berjalan baik; hindari genangan.', 'Pencegahan: Atur jarak tanam dan trellis untuk memaksimalkan penetrasi sinar matahari dan aliran udara.', 'Perawatan: Berikan pupuk Kalium (K) cukup untuk memperkuat jaringan daun dan meningkatkan toleransi penyakit.', 'Perawatan: Lakukan monitoring daun tua di bagian bawah kanopi setiap 7–10 hari.', 'Perawatan: Hindari pemupukan Nitrogen berlebih yang menghasilkan daun rimbun dan lunak.', 'Perawatan: Aplikasikan mulsa di bawah tanaman untuk mengurangi percikan spora tanah.', 'Perawatan: Di akhir musim, pangkas dan bakar semua daun bergejala.', 'Hawar Daun Anggur (Isariopsis Leaf Spot / Pseudocercospora Leaf Spot) disebabkan oleh Pseudocercospora vitis dengan keparahan sedang. Gejala: bercak tidak beraturan cokelat gelap pada daun tua yang dapat bergabung dan menyebabkan gugur prematur, menurunkan luas fotosintetik dan kadar gula buah. Berkembang pada kelembapan >85% dengan kanopi rimbun, terutama di akhir musim. Penanganan: Nordox 56 WP (Tembaga Oksida 56%, dosis 1–2 g/liter) interval 10–14 hari sebagai protektan, atau Score 250 EC (Difenokonazol 250 g/L, 0,25–0,5 ml/liter) untuk pengendalian sistemik. Pencegahan: bersihkan serasah daun pasca panen, penjarangan kanopi, kendalikan gulma, pastikan drainase baik. Perawatan: pupuk Kalium cukup, monitoring daun tua bawah, hindari Nitrogen berlebih, mulsa untuk cegah percikan spora.']","**Penanganan Hawar Daun Anggur yang sudah terinfeksi**

1. **Fungisida Kontak (Tembaga)**
   - **Produk:** Nordox 56 WP (Tembaga Oksida 56 %)
   - **Dosis:** 1–2 g per liter air
   - **Cara pakai:** Semprot seluruh permukaan daun (atas dan bawah) hingga merata, tambahkan bahan perekat. Lakukan aplikasi setiap 10–14 hari.

2. **Fungisida Sistemik**
   - **Produk:** Score 250 EC (Difenokonazol 250 g/L)
   - **Dosis:** 0,25–0,5 ml per liter air
   - **Cara pakai:** Semprot merata ke seluruh kanopi, beri fokus pada daun‑daun tua yang pertama menunjukkan gejala.  

Gunakan salah satu atau kombinasi kedua fungisida di atas sesuai kebutuhan, pastikan aplikasi menutupi bagian bawah daun yang biasanya menjadi tempat sporulasi.","Penanganan Hawar Daun Anggur (Isariopsis / Pseudocercospora) dapat dilakukan dengan: Nordox 56 WP (Tembaga Oksida) (Tembaga Oksida 56%, dosis 1–2 g/liter air) — cara: Semprot seluruh permukaan daun (atas dan bawah) hingga merata; tambahkan perekat; waktu: Saat gejala awal muncul; ulangi setiap 10–14 hari; Score 250 EC (Difenokonazol) (Difenokonazol 250 g/L, dosis 0,25–0,5 ml/liter air) — cara: Semprot merata ke seluruh kanopi; fokus pada daun tua yang pertama bergejala; waktu: Saat muncul gejala awal di daun tua atau kondisi lembap berkepanjangan.",0.9090909090909091,0.7888196230423706,0.4678101503642446,1.0,0.8097977640446921,0.78
Bagaimana cara mencegah serangan Hawar Daun Anggur (Isariopsis / Pseudocercospora)?,"['Patogen: Pseudocercospora vitis (tipe: Jamur Deuteromycete). Penyebab utama: Spora dari sisa daun terinfeksi di tanah atau kanopi yang lembap. Kondisi pemicu: Kelembapan udara tinggi (>85%) dengan kanopi yang terlalu rimbun, Cuaca hangat dan lembap di akhir musim tanam, Kebun dengan drainase buruk dan gulma lebat.', 'Gejala: Bercak tidak beraturan cokelat gelap pada daun tua, sering dimulai dari tepi atau ujung daun', 'Gejala: Bercak dapat bergabung dan menyebabkan daun mengering dan gugur prematur', 'Gejala: Sisi bawah daun pada kondisi lembap menunjukkan sporulasi (bulu-bulu halus jamur)', 'Gejala: Penurunan kadar gula buah akibat berkurangnya luas daun fotosintetik', 'Gejala: Umumnya muncul lebih lambat dalam musim tanam dibanding penyakit anggur lainnya', 'Penanganan (tipe Kimia — Fungisida Kontak Tembaga): produk Nordox 56 WP (Tembaga Oksida), bahan aktif Tembaga Oksida 56%, dosis 1–2 g/liter air. Cara: Semprot seluruh permukaan daun (atas dan bawah) hingga merata; tambahkan perekat.', 'Penanganan (tipe Kimia — Fungisida Sistemik): produk Score 250 EC (Difenokonazol), bahan aktif Difenokonazol 250 g/L, dosis 0,25–0,5 ml/liter air. Cara: Semprot merata ke seluruh kanopi; fokus pada daun tua yang pertama bergejala.', 'Pencegahan: Bersihkan serasah daun dan sisa tanaman pasca panen untuk mengurangi inokulum.', 'Pencegahan: Lakukan penjarangan kanopi secara rutin untuk mengurangi kelembapan mikro.', 'Pencegahan: Kendalikan gulma di area perakaran dan di bawah kanopi.', 'Pencegahan: Pastikan sistem drainase lahan berjalan baik; hindari genangan.', 'Pencegahan: Atur jarak tanam dan trellis untuk memaksimalkan penetrasi sinar matahari dan aliran udara.', 'Perawatan: Berikan pupuk Kalium (K) cukup untuk memperkuat jaringan daun dan meningkatkan toleransi penyakit.', 'Perawatan: Lakukan monitoring daun tua di bagian bawah kanopi setiap 7–10 hari.', 'Perawatan: Hindari pemupukan Nitrogen berlebih yang menghasilkan daun rimbun dan lunak.', 'Perawatan: Aplikasikan mulsa di bawah tanaman untuk mengurangi percikan spora tanah.', 'Perawatan: Di akhir musim, pangkas dan bakar semua daun bergejala.', 'Hawar Daun Anggur (Isariopsis Leaf Spot / Pseudocercospora Leaf Spot) disebabkan oleh Pseudocercospora vitis dengan keparahan sedang. Gejala: bercak tidak beraturan cokelat gelap pada daun tua yang dapat bergabung dan menyebabkan gugur prematur, menurunkan luas fotosintetik dan kadar gula buah. Berkembang pada kelembapan >85% dengan kanopi rimbun, terutama di akhir musim. Penanganan: Nordox 56 WP (Tembaga Oksida 56%, dosis 1–2 g/liter) interval 10–14 hari sebagai protektan, atau Score 250 EC (Difenokonazol 250 g/L, 0,25–0,5 ml/liter) untuk pengendalian sistemik. Pencegahan: bersihkan serasah daun pasca panen, penjarangan kanopi, kendalikan gulma, pastikan drainase baik. Perawatan: pupuk Kalium cukup, monitoring daun tua bawah, hindari Nitrogen berlebih, mulsa untuk cegah percikan spora.']","**Cara mencegah serangan Hawar Daun Anggur (Isariopsis / Pseudocercospora):**

1. **Bersihkan serasah daun dan sisa tanaman** setelah panen untuk mengurangi sumber spora.  
2. **Lakukan penjarangan kanopi secara rutin** agar kelembapan mikro berkurang dan sirkulasi udara meningkat.  
3. **Kendalikan gulma** di area perakaran dan di bawah kanopi, karena gulma dapat menahan kelembapan.  
4. **Pastikan sistem drainase lahan baik**; hindari genangan air yang dapat meningkatkan kelembapan tanah.  
5. **Atur jarak tanam dan trellis** sehingga sinar matahari dapat menembus ke seluruh kanopi dan aliran udara menjadi optimal.",Pencegahan Hawar Daun Anggur (Isariopsis / Pseudocercospora) meliputi: Bersihkan serasah daun dan sisa tanaman pasca panen untuk mengurangi inokulum. Lakukan penjarangan kanopi secara rutin untuk mengurangi kelembapan mikro. Kendalikan gulma di area perakaran dan di bawah kanopi. Pastikan sistem drainase lahan berjalan baik; hindari genangan. Atur jarak tanam dan trellis untuk memaksimalkan penetrasi sinar matahari dan aliran udara.,1.0,0.8118526390326465,0.4871741197338195,1.0,0.9124234294340575,0.91
Perawatan apa yang perlu dilakukan pada tanaman untuk mendukung pemulihan dan ketahanan terhadap Hawar Daun Anggur (Isariopsis / Pseudocercospora)?,"['Patogen: Pseudocercospora vitis (tipe: Jamur Deuteromycete). Penyebab utama: Spora dari sisa daun terinfeksi di tanah atau kanopi yang lembap. Kondisi pemicu: Kelembapan udara tinggi (>85%) dengan kanopi yang terlalu rimbun, Cuaca hangat dan lembap di akhir musim tanam, Kebun dengan drainase buruk dan gulma lebat.', 'Gejala: Bercak tidak beraturan cokelat gelap pada daun tua, sering dimulai dari tepi atau ujung daun', 'Gejala: Bercak dapat bergabung dan menyebabkan daun mengering dan gugur prematur', 'Gejala: Sisi bawah daun pada kondisi lembap menunjukkan sporulasi (bulu-bulu halus jamur)', 'Gejala: Penurunan kadar gula buah akibat berkurangnya luas daun fotosintetik', 'Gejala: Umumnya muncul lebih lambat dalam musim tanam dibanding penyakit anggur lainnya', 'Penanganan (tipe Kimia — Fungisida Kontak Tembaga): produk Nordox 56 WP (Tembaga Oksida), bahan aktif Tembaga Oksida 56%, dosis 1–2 g/liter air. Cara: Semprot seluruh permukaan daun (atas dan bawah) hingga merata; tambahkan perekat.', 'Penanganan (tipe Kimia — Fungisida Sistemik): produk Score 250 EC (Difenokonazol), bahan aktif Difenokonazol 250 g/L, dosis 0,25–0,5 ml/liter air. Cara: Semprot merata ke seluruh kanopi; fokus pada daun tua yang pertama bergejala.', 'Pencegahan: Bersihkan serasah daun dan sisa tanaman pasca panen untuk mengurangi inokulum.', 'Pencegahan: Lakukan penjarangan kanopi secara rutin untuk mengurangi kelembapan mikro.', 'Pencegahan: Kendalikan gulma di area perakaran dan di bawah kanopi.', 'Pencegahan: Pastikan sistem drainase lahan berjalan baik; hindari genangan.', 'Pencegahan: Atur jarak tanam dan trellis untuk memaksimalkan penetrasi sinar matahari dan aliran udara.', 'Perawatan: Berikan pupuk Kalium (K) cukup untuk memperkuat jaringan daun dan meningkatkan toleransi penyakit.', 'Perawatan: Lakukan monitoring daun tua di bagian bawah kanopi setiap 7–10 hari.', 'Perawatan: Hindari pemupukan Nitrogen berlebih yang menghasilkan daun rimbun dan lunak.', 'Perawatan: Aplikasikan mulsa di bawah tanaman untuk mengurangi percikan spora tanah.', 'Perawatan: Di akhir musim, pangkas dan bakar semua daun bergejala.', 'Hawar Daun Anggur (Isariopsis Leaf Spot / Pseudocercospora Leaf Spot) disebabkan oleh Pseudocercospora vitis dengan keparahan sedang. Gejala: bercak tidak beraturan cokelat gelap pada daun tua yang dapat bergabung dan menyebabkan gugur prematur, menurunkan luas fotosintetik dan kadar gula buah. Berkembang pada kelembapan >85% dengan kanopi rimbun, terutama di akhir musim. Penanganan: Nordox 56 WP (Tembaga Oksida 56%, dosis 1–2 g/liter) interval 10–14 hari sebagai protektan, atau Score 250 EC (Difenokonazol 250 g/L, 0,25–0,5 ml/liter) untuk pengendalian sistemik. Pencegahan: bersihkan serasah daun pasca panen, penjarangan kanopi, kendalikan gulma, pastikan drainase baik. Perawatan: pupuk Kalium cukup, monitoring daun tua bawah, hindari Nitrogen berlebih, mulsa untuk cegah percikan spora.']","**Perawatan lanjutan untuk mendukung pemulihan dan meningkatkan ketahanan tanaman anggur terhadap Hawar Daun Anggur (Isariopsis / Pseudocercospora):**

- **Berikan pupuk Kalium (K) yang cukup** untuk memperkuat jaringan daun dan meningkatkan toleransi terhadap penyakit.  
- **Lakukan monitoring daun tua di bagian bawah kanopi setiap 7–10 hari** untuk mendeteksi gejala awal dan mengambil tindakan cepat.  
- **Hindari pemupukan nitrogen berlebih**, karena dapat menghasilkan daun yang rimbun dan lunak, meningkatkan kelembapan mikro.  
- **Terapkan mulsa di bawah tanaman** guna mengurangi percikan spora dari tanah ke daun.  
- **Di akhir musim, pangkas dan bakar semua daun yang bergejala** untuk mengurangi sumber inokulum dan mencegah penyebaran selanjutnya.","Perawatan untuk tanaman yang terserang atau rentan Hawar Daun Anggur (Isariopsis / Pseudocercospora) meliputi: Berikan pupuk Kalium (K) cukup untuk memperkuat jaringan daun dan meningkatkan toleransi penyakit. Lakukan monitoring daun tua di bagian bawah kanopi setiap 7–10 hari. Hindari pemupukan Nitrogen berlebih yang menghasilkan daun rimbun dan lunak. Aplikasikan mulsa di bawah tanaman untuk mengurangi percikan spora tanah. Di akhir musim, pangkas dan bakar semua daun bergejala.",0.6666666666666666,0.7740695053331322,0.5493890698175119,1.0,0.9028932156110134,0.75
Apa penyebab Bercak Bakteri Tomat dan dalam kondisi apa penyakit ini berkembang?,"['Patogen: Xanthomonas perforans / Xanthomonas euvesicatoria (tipe: Bakteri Gram-negatif). Penyebab utama: Benih terinfeksi atau sisa tanaman; menyebar melalui percikan air hujan dan irigasi overhead. Kondisi pemicu: Suhu tinggi 25–30°C dengan kelembapan tinggi, Irigasi semprot dari atas yang menyebabkan percikan air, Luka pada daun atau buah (serangga, angin, hujan lebat).', 'Gejala: Bercak hitam kecil basah (water-soaked) diameter 1–3 mm, dikelilingi halo kuning di daun', 'Gejala: Bercak tua menjadi cokelat gelap, kering, dan bisa berlubang (shot-hole)', 'Gejala: Keropeng atau bintil kasar menonjol pada permukaan buah muda', 'Gejala: Gugur daun masif pada infeksi parah, membuat tanaman gundul', 'Gejala: Buah bergejala keropeng tidak layak jual meski masih bisa dimakan', 'Penanganan (tipe Kimia — Bakterisida Tembaga): produk Kocide 77 WD (Tembaga Hidroksida), bahan aktif Tembaga Hidroksida 77%, dosis 1,5–2 g/liter air. Cara: Semprot merata seluruh bagian tanaman; pastikan merata di permukaan bawah dan atas daun.', 'Penanganan (tipe Kimia — Bakterisida Kombinasi): produk Agrimycin / Streptomycin Sulfat (jika tersedia), bahan aktif Streptomisin Sulfat, dosis Ikuti label produk (biasanya 100–200 ppm). Cara: Semprot merata; jangan dicampur dengan tembaga dalam satu tangki (inkompatibel).', 'Pencegahan: Gunakan benih bersertifikat bebas bakteri atau lakukan perlakuan benih dengan air panas (50°C, 25 menit).', 'Pencegahan: Hindari irigasi semprot dari atas; gunakan irigasi tetes untuk menjaga daun tetap kering.', 'Pencegahan: Bersihkan gulma inang (ranti/terong liar, Solanum spp.) di sekitar lahan.', 'Pencegahan: Lakukan rotasi lahan minimal 2 musim dengan tanaman non-solanaceae (padi, jagung).', 'Pencegahan: Jangan bekerja di lahan saat daun basah — bakteri menyebar mudah melalui kontak tangan dan alat.', 'Perawatan: Pangkas daun bergejala hanya saat cuaca kering dan terik; sterilkan gunting sesudahnya.', 'Perawatan: Sterilkan semua alat kerja (gunting, tiang penyangga) setelah menangani tanaman bergejala.', 'Perawatan: Aplikasikan Dolomit (kapur pertanian) untuk menstabilkan pH tanah 6,2–6,8 yang kurang mendukung Xanthomonas.', 'Perawatan: Hindari pemupukan Nitrogen berlebih yang menghasilkan jaringan lunak rentan bakteri.', 'Perawatan: Cabut dan buang (bakar) tanaman yang terinfeksi sangat parah untuk mencegah sumber inokulum.', 'Bercak Bakteri Tomat disebabkan oleh bakteri Xanthomonas perforans/euvesicatoria, tergolong tingkat keparahan tinggi. Gejala khas: bercak hitam kecil berair dengan halo kuning di daun (berlubang saat kering), keropeng menonjol pada buah, dan gugur daun masif. Bakteri menyebar via percikan air dan benih terinfeksi; berkembang pada suhu 25–30°C dengan kelembapan tinggi. Penanganan: Kocide 77 WD (Tembaga Hidroksida 77%, dosis 1,5–2 g/liter) setiap 5–7 hari saat cuaca basah-panas, mulai 2 minggu setelah tanam. Alternatif: rotasi dengan Streptomisin Sulfat (ikuti label) dengan hati-hati karena risiko resistensi. Pencegahan: benih bebas bakteri, hindari irigasi overhead, bersihkan gulma Solanum, rotasi 2 musim dengan non-solanaceae. Perawatan: sterilkan alat, stabilkan pH tanah dengan Dolomit, hindari Nitrogen berlebih.']","**Penyebab**  
Bercak Bakteri Tomat disebabkan oleh bakteri *Xanthomonas perforans* atau *Xanthomonas euvesicatoria* yang dapat masuk melalui benih terinfeksi atau sisa tanaman.

**Kondisi yang memicu perkembangan penyakit**  
- Suhu tinggi 25 – 30 °C dengan kelembapan tinggi.  
- Irigasi semprot dari atas atau hujan lebat yang menghasilkan percikan air, sehingga bakteri tersebar ke daun dan buah.  
- Luka pada daun atau buah yang dibuat oleh serangga, angin, atau hujan lebat, memberikan pintu masuk bagi bakteri.","Bercak Bakteri Tomat disebabkan oleh Bakteri Gram-negatif Xanthomonas perforans / Xanthomonas euvesicatoria. Benih terinfeksi atau sisa tanaman; menyebar melalui percikan air hujan dan irigasi overhead. Penyakit ini berkembang pesat pada kondisi: Suhu tinggi 25–30°C dengan kelembapan tinggi; Irigasi semprot dari atas yang menyebabkan percikan air; Luka pada daun atau buah (serangga, angin, hujan lebat).",1.0,0.8957015879478877,0.5526315789197368,1.0,0.9470666593285482,1.0
Apa saja gejala yang muncul pada tanaman yang terserang Bercak Bakteri Tomat?,"['Patogen: Xanthomonas perforans / Xanthomonas euvesicatoria (tipe: Bakteri Gram-negatif). Penyebab utama: Benih terinfeksi atau sisa tanaman; menyebar melalui percikan air hujan dan irigasi overhead. Kondisi pemicu: Suhu tinggi 25–30°C dengan kelembapan tinggi, Irigasi semprot dari atas yang menyebabkan percikan air, Luka pada daun atau buah (serangga, angin, hujan lebat).', 'Gejala: Bercak hitam kecil basah (water-soaked) diameter 1–3 mm, dikelilingi halo kuning di daun', 'Gejala: Bercak tua menjadi cokelat gelap, kering, dan bisa berlubang (shot-hole)', 'Gejala: Keropeng atau bintil kasar menonjol pada permukaan buah muda', 'Gejala: Gugur daun masif pada infeksi parah, membuat tanaman gundul', 'Gejala: Buah bergejala keropeng tidak layak jual meski masih bisa dimakan', 'Penanganan (tipe Kimia — Bakterisida Tembaga): produk Kocide 77 WD (Tembaga Hidroksida), bahan aktif Tembaga Hidroksida 77%, dosis 1,5–2 g/liter air. Cara: Semprot merata seluruh bagian tanaman; pastikan merata di permukaan bawah dan atas daun.', 'Penanganan (tipe Kimia — Bakterisida Kombinasi): produk Agrimycin / Streptomycin Sulfat (jika tersedia), bahan aktif Streptomisin Sulfat, dosis Ikuti label produk (biasanya 100–200 ppm). Cara: Semprot merata; jangan dicampur dengan tembaga dalam satu tangki (inkompatibel).', 'Pencegahan: Gunakan benih bersertifikat bebas bakteri atau lakukan perlakuan benih dengan air panas (50°C, 25 menit).', 'Pencegahan: Hindari irigasi semprot dari atas; gunakan irigasi tetes untuk menjaga daun tetap kering.', 'Pencegahan: Bersihkan gulma inang (ranti/terong liar, Solanum spp.) di sekitar lahan.', 'Pencegahan: Lakukan rotasi lahan minimal 2 musim dengan tanaman non-solanaceae (padi, jagung).', 'Pencegahan: Jangan bekerja di lahan saat daun basah — bakteri menyebar mudah melalui kontak tangan dan alat.', 'Perawatan: Pangkas daun bergejala hanya saat cuaca kering dan terik; sterilkan gunting sesudahnya.', 'Perawatan: Sterilkan semua alat kerja (gunting, tiang penyangga) setelah menangani tanaman bergejala.', 'Perawatan: Aplikasikan Dolomit (kapur pertanian) untuk menstabilkan pH tanah 6,2–6,8 yang kurang mendukung Xanthomonas.', 'Perawatan: Hindari pemupukan Nitrogen berlebih yang menghasilkan jaringan lunak rentan bakteri.', 'Perawatan: Cabut dan buang (bakar) tanaman yang terinfeksi sangat parah untuk mencegah sumber inokulum.', 'Bercak Bakteri Tomat disebabkan oleh bakteri Xanthomonas perforans/euvesicatoria, tergolong tingkat keparahan tinggi. Gejala khas: bercak hitam kecil berair dengan halo kuning di daun (berlubang saat kering), keropeng menonjol pada buah, dan gugur daun masif. Bakteri menyebar via percikan air dan benih terinfeksi; berkembang pada suhu 25–30°C dengan kelembapan tinggi. Penanganan: Kocide 77 WD (Tembaga Hidroksida 77%, dosis 1,5–2 g/liter) setiap 5–7 hari saat cuaca basah-panas, mulai 2 minggu setelah tanam. Alternatif: rotasi dengan Streptomisin Sulfat (ikuti label) dengan hati-hati karena risiko resistensi. Pencegahan: benih bebas bakteri, hindari irigasi overhead, bersihkan gulma Solanum, rotasi 2 musim dengan non-solanaceae. Perawatan: sterilkan alat, stabilkan pH tanah dengan Dolomit, hindari Nitrogen berlebih.']","Berikut gejala yang muncul pada tanaman tomat yang terserang **Bercak Bakteri Tomat**:

- Bercak hitam kecil berair (water‑soaked) berdiameter 1–3 mm, dikelilingi halo kuning pada daun.  
- Bercak yang sudah tua menjadi cokelat gelap, kering, dan dapat berlubang (shot‑hole).  
- Keropeng atau bintil kasar menonjol pada permukaan buah muda.  
- Daun gugur secara masif pada infeksi parah, sehingga tanaman tampak gundul.  
- Buah yang berkeropeng tidak layak jual meskipun masih dapat dimakan.","Gejala Bercak Bakteri Tomat meliputi: Bercak hitam kecil basah (water-soaked) diameter 1–3 mm, dikelilingi halo kuning di daun; Bercak tua menjadi cokelat gelap, kering, dan bisa berlubang (shot-hole); Keropeng atau bintil kasar menonjol pada permukaan buah muda; Gugur daun masif pada infeksi parah, membuat tanaman gundul; Buah bergejala keropeng tidak layak jual meski masih bisa dimakan.",1.0,0.9430691661474738,0.9097744360772287,1.0,0.9594196517634515,1.0
Bagaimana cara menangani Bercak Bakteri Tomat yang sudah terinfeksi?,"['Patogen: Xanthomonas perforans / Xanthomonas euvesicatoria (tipe: Bakteri Gram-negatif). Penyebab utama: Benih terinfeksi atau sisa tanaman; menyebar melalui percikan air hujan dan irigasi overhead. Kondisi pemicu: Suhu tinggi 25–30°C dengan kelembapan tinggi, Irigasi semprot dari atas yang menyebabkan percikan air, Luka pada daun atau buah (serangga, angin, hujan lebat).', 'Gejala: Bercak hitam kecil basah (water-soaked) diameter 1–3 mm, dikelilingi halo kuning di daun', 'Gejala: Bercak tua menjadi cokelat gelap, kering, dan bisa berlubang (shot-hole)', 'Gejala: Keropeng atau bintil kasar menonjol pada permukaan buah muda', 'Gejala: Gugur daun masif pada infeksi parah, membuat tanaman gundul', 'Gejala: Buah bergejala keropeng tidak layak jual meski masih bisa dimakan', 'Penanganan (tipe Kimia — Bakterisida Tembaga): produk Kocide 77 WD (Tembaga Hidroksida), bahan aktif Tembaga Hidroksida 77%, dosis 1,5–2 g/liter air. Cara: Semprot merata seluruh bagian tanaman; pastikan merata di permukaan bawah dan atas daun.', 'Penanganan (tipe Kimia — Bakterisida Kombinasi): produk Agrimycin / Streptomycin Sulfat (jika tersedia), bahan aktif Streptomisin Sulfat, dosis Ikuti label produk (biasanya 100–200 ppm). Cara: Semprot merata; jangan dicampur dengan tembaga dalam satu tangki (inkompatibel).', 'Pencegahan: Gunakan benih bersertifikat bebas bakteri atau lakukan perlakuan benih dengan air panas (50°C, 25 menit).', 'Pencegahan: Hindari irigasi semprot dari atas; gunakan irigasi tetes untuk menjaga daun tetap kering.', 'Pencegahan: Bersihkan gulma inang (ranti/terong liar, Solanum spp.) di sekitar lahan.', 'Pencegahan: Lakukan rotasi lahan minimal 2 musim dengan tanaman non-solanaceae (padi, jagung).', 'Pencegahan: Jangan bekerja di lahan saat daun basah — bakteri menyebar mudah melalui kontak tangan dan alat.', 'Perawatan: Pangkas daun bergejala hanya saat cuaca kering dan terik; sterilkan gunting sesudahnya.', 'Perawatan: Sterilkan semua alat kerja (gunting, tiang penyangga) setelah menangani tanaman bergejala.', 'Perawatan: Aplikasikan Dolomit (kapur pertanian) untuk menstabilkan pH tanah 6,2–6,8 yang kurang mendukung Xanthomonas.', 'Perawatan: Hindari pemupukan Nitrogen berlebih yang menghasilkan jaringan lunak rentan bakteri.', 'Perawatan: Cabut dan buang (bakar) tanaman yang terinfeksi sangat parah untuk mencegah sumber inokulum.', 'Bercak Bakteri Tomat disebabkan oleh bakteri Xanthomonas perforans/euvesicatoria, tergolong tingkat keparahan tinggi. Gejala khas: bercak hitam kecil berair dengan halo kuning di daun (berlubang saat kering), keropeng menonjol pada buah, dan gugur daun masif. Bakteri menyebar via percikan air dan benih terinfeksi; berkembang pada suhu 25–30°C dengan kelembapan tinggi. Penanganan: Kocide 77 WD (Tembaga Hidroksida 77%, dosis 1,5–2 g/liter) setiap 5–7 hari saat cuaca basah-panas, mulai 2 minggu setelah tanam. Alternatif: rotasi dengan Streptomisin Sulfat (ikuti label) dengan hati-hati karena risiko resistensi. Pencegahan: benih bebas bakteri, hindari irigasi overhead, bersihkan gulma Solanum, rotasi 2 musim dengan non-solanaceae. Perawatan: sterilkan alat, stabilkan pH tanah dengan Dolomit, hindari Nitrogen berlebih.']","**Penanganan Bercak Bakteri Tomat yang sudah terinfeksi**

1. **Aplikasi Bakterisida Tembaga**  
   - **Produk:** Kocide 77 WD (Tembaga Hidroksida 77 %).  
   - **Dosis:** 1,5–2 g per liter air.  
   - **Cara:** Semprot merata seluruh bagian tanaman, termasuk permukaan atas dan bawah daun. Lakukan penyemprotan setiap 5–7 hari, terutama saat cuaca panas‑basah, dimulai sekitar 2 minggu setelah tanam.

2. **Alternatif Bakterisida Kombinasi**  
   - **Produk:** Agrimycin atau Streptomycin Sulfat (jika tersedia).  
   - **Dosis:** Ikuti label produk (biasanya 100–200 ppm).  
   - **Cara:** Semprot merata; **jangan** dicampur dengan tembaga dalam satu tangki karena tidak kompatibel.

3. **Perawatan Lanjutan untuk Tanaman yang Sudah Terinfeksi**  
   - **Pemangkasan:** Potong daun atau bagian tanaman yang bergejala pada hari cuaca kering dan terik; sterilkan gunting setelah dipakai.  
   - **Sterilisasi Alat:** Bersihkan semua alat kerja (gunting, tiang penyangga) dengan desinfektan setelah menangani tanaman terinfeksi.  
   - **Pengaturan pH Tanah:** Tambahkan dolomit untuk menstabilkan pH tanah pada kisaran 6,2–6,8, yang kurang mendukung pertumbuhan Xanthomonas.  
   - **Pengendalian Tanaman Parah:** Cabut dan buang (bakar) tanaman yang sangat terinfeksi untuk mengurangi sumber inokulum.  

Ikuti langkah‑langkah di atas secara teratur dan konsisten untuk menurunkan populasi bakteri serta mencegah penyebaran lebih lanjut.","Penanganan Bercak Bakteri Tomat dapat dilakukan dengan: Kocide 77 WD (Tembaga Hidroksida) (Tembaga Hidroksida 77%, dosis 1,5–2 g/liter air) — cara: Semprot merata seluruh bagian tanaman; pastikan merata di permukaan bawah dan atas daun; waktu: Mulai 2 minggu setelah tanam; ulangi setiap 5–7 hari saat cuaca basah dan panas; Agrimycin / Streptomycin Sulfat (jika tersedia) (Streptomisin Sulfat, dosis Ikuti label produk (biasanya 100–200 ppm)) — cara: Semprot merata; jangan dicampur dengan tembaga dalam satu tangki (inkompatibel); waktu: Alternatif rotasi dengan tembaga; hindari penggunaan berulang untuk cegah resistensi bakteri.",1.0,0.9217541028647241,0.4292188805260856,1.0,0.9010605392395755,0.61
Bagaimana cara mencegah serangan Bercak Bakteri Tomat?,"['Patogen: Xanthomonas perforans / Xanthomonas euvesicatoria (tipe: Bakteri Gram-negatif). Penyebab utama: Benih terinfeksi atau sisa tanaman; menyebar melalui percikan air hujan dan irigasi overhead. Kondisi pemicu: Suhu tinggi 25–30°C dengan kelembapan tinggi, Irigasi semprot dari atas yang menyebabkan percikan air, Luka pada daun atau buah (serangga, angin, hujan lebat).', 'Gejala: Bercak hitam kecil basah (water-soaked) diameter 1–3 mm, dikelilingi halo kuning di daun', 'Gejala: Bercak tua menjadi cokelat gelap, kering, dan bisa berlubang (shot-hole)', 'Gejala: Keropeng atau bintil kasar menonjol pada permukaan buah muda', 'Gejala: Gugur daun masif pada infeksi parah, membuat tanaman gundul', 'Gejala: Buah bergejala keropeng tidak layak jual meski masih bisa dimakan', 'Penanganan (tipe Kimia — Bakterisida Tembaga): produk Kocide 77 WD (Tembaga Hidroksida), bahan aktif Tembaga Hidroksida 77%, dosis 1,5–2 g/liter air. Cara: Semprot merata seluruh bagian tanaman; pastikan merata di permukaan bawah dan atas daun.', 'Penanganan (tipe Kimia — Bakterisida Kombinasi): produk Agrimycin / Streptomycin Sulfat (jika tersedia), bahan aktif Streptomisin Sulfat, dosis Ikuti label produk (biasanya 100–200 ppm). Cara: Semprot merata; jangan dicampur dengan tembaga dalam satu tangki (inkompatibel).', 'Pencegahan: Gunakan benih bersertifikat bebas bakteri atau lakukan perlakuan benih dengan air panas (50°C, 25 menit).', 'Pencegahan: Hindari irigasi semprot dari atas; gunakan irigasi tetes untuk menjaga daun tetap kering.', 'Pencegahan: Bersihkan gulma inang (ranti/terong liar, Solanum spp.) di sekitar lahan.', 'Pencegahan: Lakukan rotasi lahan minimal 2 musim dengan tanaman non-solanaceae (padi, jagung).', 'Pencegahan: Jangan bekerja di lahan saat daun basah — bakteri menyebar mudah melalui kontak tangan dan alat.', 'Perawatan: Pangkas daun bergejala hanya saat cuaca kering dan terik; sterilkan gunting sesudahnya.', 'Perawatan: Sterilkan semua alat kerja (gunting, tiang penyangga) setelah menangani tanaman bergejala.', 'Perawatan: Aplikasikan Dolomit (kapur pertanian) untuk menstabilkan pH tanah 6,2–6,8 yang kurang mendukung Xanthomonas.', 'Perawatan: Hindari pemupukan Nitrogen berlebih yang menghasilkan jaringan lunak rentan bakteri.', 'Perawatan: Cabut dan buang (bakar) tanaman yang terinfeksi sangat parah untuk mencegah sumber inokulum.', 'Bercak Bakteri Tomat disebabkan oleh bakteri Xanthomonas perforans/euvesicatoria, tergolong tingkat keparahan tinggi. Gejala khas: bercak hitam kecil berair dengan halo kuning di daun (berlubang saat kering), keropeng menonjol pada buah, dan gugur daun masif. Bakteri menyebar via percikan air dan benih terinfeksi; berkembang pada suhu 25–30°C dengan kelembapan tinggi. Penanganan: Kocide 77 WD (Tembaga Hidroksida 77%, dosis 1,5–2 g/liter) setiap 5–7 hari saat cuaca basah-panas, mulai 2 minggu setelah tanam. Alternatif: rotasi dengan Streptomisin Sulfat (ikuti label) dengan hati-hati karena risiko resistensi. Pencegahan: benih bebas bakteri, hindari irigasi overhead, bersihkan gulma Solanum, rotasi 2 musim dengan non-solanaceae. Perawatan: sterilkan alat, stabilkan pH tanah dengan Dolomit, hindari Nitrogen berlebih.']","**Cara mencegah serangan Bercak Bakteri Tomat**

1. **Gunakan benih bersertifikat bebas bakteri** atau perlakukan benih dengan air panas (50 °C selama 25 menit).  
2. **Hindari irigasi semprot dari atas**; pilih irigasi tetes agar daun tetap kering.  
3. **Bersihkan gulma inang** (ranti/terong liar, *Solanum* spp.) di sekitar lahan.  
4. **Lakukan rotasi lahan** minimal 2 musim dengan tanaman non‑solanaceae (misalnya padi atau jagung).  
5. **Jangan bekerja di lahan saat daun basah**; bakteri mudah menyebar melalui kontak tangan dan alat.","Pencegahan Bercak Bakteri Tomat meliputi: Gunakan benih bersertifikat bebas bakteri atau lakukan perlakuan benih dengan air panas (50°C, 25 menit). Hindari irigasi semprot dari atas; gunakan irigasi tetes untuk menjaga daun tetap kering. Bersihkan gulma inang (ranti/terong liar, Solanum spp.) di sekitar lahan. Lakukan rotasi lahan minimal 2 musim dengan tanaman non-solanaceae (padi, jagung). Jangan bekerja di lahan saat daun basah — bakteri menyebar mudah melalui kontak tangan dan alat.",1.0,0.9357824038769399,0.5466587193599135,1.0,0.9450017177466934,1.0
Perawatan apa yang perlu dilakukan pada tanaman untuk mendukung pemulihan dan ketahanan terhadap Bercak Bakteri Tomat?,"['Patogen: Xanthomonas perforans / Xanthomonas euvesicatoria (tipe: Bakteri Gram-negatif). Penyebab utama: Benih terinfeksi atau sisa tanaman; menyebar melalui percikan air hujan dan irigasi overhead. Kondisi pemicu: Suhu tinggi 25–30°C dengan kelembapan tinggi, Irigasi semprot dari atas yang menyebabkan percikan air, Luka pada daun atau buah (serangga, angin, hujan lebat).', 'Gejala: Bercak hitam kecil basah (water-soaked) diameter 1–3 mm, dikelilingi halo kuning di daun', 'Gejala: Bercak tua menjadi cokelat gelap, kering, dan bisa berlubang (shot-hole)', 'Gejala: Keropeng atau bintil kasar menonjol pada permukaan buah muda', 'Gejala: Gugur daun masif pada infeksi parah, membuat tanaman gundul', 'Gejala: Buah bergejala keropeng tidak layak jual meski masih bisa dimakan', 'Penanganan (tipe Kimia — Bakterisida Tembaga): produk Kocide 77 WD (Tembaga Hidroksida), bahan aktif Tembaga Hidroksida 77%, dosis 1,5–2 g/liter air. Cara: Semprot merata seluruh bagian tanaman; pastikan merata di permukaan bawah dan atas daun.', 'Penanganan (tipe Kimia — Bakterisida Kombinasi): produk Agrimycin / Streptomycin Sulfat (jika tersedia), bahan aktif Streptomisin Sulfat, dosis Ikuti label produk (biasanya 100–200 ppm). Cara: Semprot merata; jangan dicampur dengan tembaga dalam satu tangki (inkompatibel).', 'Pencegahan: Gunakan benih bersertifikat bebas bakteri atau lakukan perlakuan benih dengan air panas (50°C, 25 menit).', 'Pencegahan: Hindari irigasi semprot dari atas; gunakan irigasi tetes untuk menjaga daun tetap kering.', 'Pencegahan: Bersihkan gulma inang (ranti/terong liar, Solanum spp.) di sekitar lahan.', 'Pencegahan: Lakukan rotasi lahan minimal 2 musim dengan tanaman non-solanaceae (padi, jagung).', 'Pencegahan: Jangan bekerja di lahan saat daun basah — bakteri menyebar mudah melalui kontak tangan dan alat.', 'Perawatan: Pangkas daun bergejala hanya saat cuaca kering dan terik; sterilkan gunting sesudahnya.', 'Perawatan: Sterilkan semua alat kerja (gunting, tiang penyangga) setelah menangani tanaman bergejala.', 'Perawatan: Aplikasikan Dolomit (kapur pertanian) untuk menstabilkan pH tanah 6,2–6,8 yang kurang mendukung Xanthomonas.', 'Perawatan: Hindari pemupukan Nitrogen berlebih yang menghasilkan jaringan lunak rentan bakteri.', 'Perawatan: Cabut dan buang (bakar) tanaman yang terinfeksi sangat parah untuk mencegah sumber inokulum.', 'Bercak Bakteri Tomat disebabkan oleh bakteri Xanthomonas perforans/euvesicatoria, tergolong tingkat keparahan tinggi. Gejala khas: bercak hitam kecil berair dengan halo kuning di daun (berlubang saat kering), keropeng menonjol pada buah, dan gugur daun masif. Bakteri menyebar via percikan air dan benih terinfeksi; berkembang pada suhu 25–30°C dengan kelembapan tinggi. Penanganan: Kocide 77 WD (Tembaga Hidroksida 77%, dosis 1,5–2 g/liter) setiap 5–7 hari saat cuaca basah-panas, mulai 2 minggu setelah tanam. Alternatif: rotasi dengan Streptomisin Sulfat (ikuti label) dengan hati-hati karena risiko resistensi. Pencegahan: benih bebas bakteri, hindari irigasi overhead, bersihkan gulma Solanum, rotasi 2 musim dengan non-solanaceae. Perawatan: sterilkan alat, stabilkan pH tanah dengan Dolomit, hindari Nitrogen berlebih.']","**Perawatan untuk mendukung pemulihan dan meningkatkan ketahanan tanaman tomat terhadap Bercak Bakteri:**

- **Pangkas daun yang sudah menunjukkan gejala** – lakukan hanya saat cuaca kering dan terik; setelah memotong, **sterilkan gunting** (misalnya dengan alkohol 70 % atau api) sebelum digunakan kembali.  
- **Sterilkan semua alat kerja** (gunting, tiang penyangga, wadah semprot) setelah menyentuh tanaman yang terinfeksi, untuk mencegah penyebaran bakteri.  
- **Aplikasikan dolomit** ke tanah untuk menstabilkan pH pada kisaran 6,2–6,8, kondisi yang kurang mendukung pertumbuhan Xanthomonas.  
- **Hindari pemupukan nitrogen berlebih**; kelebihan nitrogen menghasilkan jaringan daun yang lunak dan lebih rentan terhadap infeksi.  
- **Cabut dan buang (bakar) tanaman yang sangat parah** agar tidak menjadi sumber inokulum bagi tanaman lain.  
- **Gunakan irigasi tetes** atau metode lain yang tidak membuat daun basah, sehingga mengurangi percikan air yang menyebarkan bakteri.  
- **Bersihkan gulma inang** (misalnya ranti/terong liar, *Solanum* spp.) di sekitar lahan untuk mengurangi tempat persembunyian patogen.  
- **Lakukan rotasi tanaman** minimal 2 musim dengan tanaman non‑solanaceae (seperti padi atau jagung) untuk memutus siklus penyakit.  

Melaksanakan langkah‑langkah di atas secara konsisten akan membantu tanaman tomat pulih lebih cepat dan meningkatkan ketahanannya terhadap Bercak Bakteri.","Perawatan untuk tanaman yang terserang atau rentan Bercak Bakteri Tomat meliputi: Pangkas daun bergejala hanya saat cuaca kering dan terik; sterilkan gunting sesudahnya. Sterilkan semua alat kerja (gunting, tiang penyangga) setelah menangani tanaman bergejala. Aplikasikan Dolomit (kapur pertanian) untuk menstabilkan pH tanah 6,2–6,8 yang kurang mendukung Xanthomonas. Hindari pemupukan Nitrogen berlebih yang menghasilkan jaringan lunak rentan bakteri. Cabut dan buang (bakar) tanaman yang terinfeksi sangat parah untuk mencegah sumber inokulum.",0.9444444444444444,0.918764822027294,0.6823580956167282,1.0,0.8816604319040044,0.71
Apa penyebab Bercak Kering Tomat (Early Blight) dan dalam kondisi apa penyakit ini berkembang?,"['Patogen: Alternaria solani / Alternaria linariae (tipe: Jamur Deuteromycete). Penyebab utama: Konidia dari sisa tanaman di tanah; spora tersebar via angin dan percikan hujan. Kondisi pemicu: Kelembapan udara tinggi (>85%) dengan suhu 24–29°C, Tanaman stres: kekurangan Nitrogen, Kalsium, atau Magnesium, Tanah tidak diberi mulsa sehingga spora terpercik ke daun.', ""Gejala: Bercak cokelat tua berbentuk 'cincin konsentris' menyerupai target/sasaran panah (target spot) pada daun tua"", 'Gejala: Bercak dikelilingi halo kuning; daun menguning dan gugur dimulai dari bawah', 'Gejala: Batang menunjukkan bercak cokelat hitam memanjang, terutama di pangkal', 'Gejala: Busuk pada pangkal tangkai buah (stem-end rot); bercak cekung pada buah', 'Gejala: Defoliasi progresif dari bawah ke atas membuat tanaman gundul dan lemah', 'Penanganan (tipe Kimia — Fungisida Kontak): produk Antracol 70 WP (Propineb), bahan aktif Propineb 70%, dosis 2 g/liter air. Cara: Semprot merata atas dan bawah daun hingga runoff; mulai dari daun bawah.', 'Penanganan (tipe Kimia — Fungisida Sistemik Efektif): produk Score 250 EC (Difenokonazol), bahan aktif Difenokonazol 250 g/L, dosis 0,25–0,5 ml/liter air. Cara: Semprot merata; fokus pada daun tua dan daun tengah yang mulai bergejala.', 'Penanganan (tipe Kimia — Fungisida Kombinasi Kuratif): produk Nativo 75 WG (Tebukonazol + Trifloksistrobin), bahan aktif Tebukonazol 50% + Trifloksistrobin 25%, dosis 0,5 g/liter air. Cara: Semprot merata; tambahkan perekat untuk adhesi lebih baik di cuaca hujan.', 'Pencegahan: Pasang mulsa plastik hitam perak untuk mencegah spora tanah terpercik ke daun bawah.', 'Pencegahan: Pangkas dan buang daun yang menyentuh tanah untuk mengurangi titik infeksi.', 'Pencegahan: Lakukan rotasi tanaman non-solanaceae (kacang, jagung) minimal 2–3 tahun.', 'Pencegahan: Hindari penanaman pada puncak musim hujan; pilih musim kemarau dengan irigasi terkontrol.', 'Pencegahan: Tanam varietas tomat yang lebih toleran early blight.', 'Perawatan: Semprot Kalsium (Ca) secara rutin — tanaman cukup Kalsium lebih tahan terhadap Alternaria.', 'Perawatan: Monitor daun tua (daun bawah) setiap pagi; deteksi dini memungkinkan respons lebih cepat.', 'Perawatan: Pastikan nutrisi mikro (Zn, Mg, Mn) tercukupi untuk memperkuat sistem imun tanaman.', 'Perawatan: Pangkas daun bergejala dan kumpulkan untuk dibakar, bukan dibuang sembarangan.', 'Perawatan: Hindari menyiram daun secara langsung; arahkan air ke pangkal tanaman.', ""Bercak Kering Tomat (Early Blight) disebabkan oleh Alternaria solani/linariae dengan keparahan sedang-tinggi. Gejala khas: bercak cokelat berbentuk lingkaran konsentris 'target spot' pada daun tua, halo kuning di sekitarnya, defoliasi progresif dari bawah ke atas, dan bercak pangkal buah. Berkembang pada kelembapan >85% dan suhu 24–29°C, diperparah oleh tanaman stres kekurangan nutrisi. Inokulum tersimpan di tanah dan sisa tanaman. Penanganan: Antracol 70 WP (Propineb 70%, dosis 2 g/liter) preventif setiap 7 hari, Score 250 EC (Difenokonazol 250 g/L, 0,25–0,5 ml/liter) saat gejala muncul (efektivitas tertinggi — 65% reduksi), atau Nativo 75 WG (Tebukonazol + Trifloksistrobin, 0,5 g/liter) saat serangan berat. Pencegahan: mulsa plastik, pangkas daun menyentuh tanah, rotasi 2–3 tahun non-solanaceae. Perawatan: semprot Kalsium rutin, monitoring daun bawah tiap pagi, pastikan nutrisi mikro cukup.""]","**Penyebab**  
Bercak Kering Tomat (Early Blight) disebabkan oleh jamur *Alternaria solani* atau *Alternaria linariae*. Patogennya berupa konidia yang berasal dari sisa‑sisa tanaman yang tertinggal di tanah; spora‑spora ini kemudian tersebar melalui angin dan percikan hujan.

**Kondisi yang memicu perkembangan penyakit**  
- Kelembapan udara tinggi, lebih dari 85 %  
- Suhu lingkungan antara 24 – 29 °C  
- Tanaman berada dalam kondisi stres, terutama kekurangan nitrogen, kalsium, atau magnesium  
- Tanah tidak diberi mulsa, sehingga spora mudah terpercik ke daun, terutama daun bawah yang bersentuhan dengan tanah.","Bercak Kering Tomat (Early Blight) disebabkan oleh Jamur Deuteromycete Alternaria solani / Alternaria linariae. Konidia dari sisa tanaman di tanah; spora tersebar via angin dan percikan hujan. Penyakit ini berkembang pesat pada kondisi: Kelembapan udara tinggi (>85%) dengan suhu 24–29°C; Tanaman stres: kekurangan Nitrogen, Kalsium, atau Magnesium; Tanah tidak diberi mulsa sehingga spora terpercik ke daun.",1.0,0.9072384392472254,0.5499999999725,1.0,0.9678212714655825,1.0
Apa saja gejala yang muncul pada tanaman yang terserang Bercak Kering Tomat (Early Blight)?,"['Patogen: Alternaria solani / Alternaria linariae (tipe: Jamur Deuteromycete). Penyebab utama: Konidia dari sisa tanaman di tanah; spora tersebar via angin dan percikan hujan. Kondisi pemicu: Kelembapan udara tinggi (>85%) dengan suhu 24–29°C, Tanaman stres: kekurangan Nitrogen, Kalsium, atau Magnesium, Tanah tidak diberi mulsa sehingga spora terpercik ke daun.', ""Gejala: Bercak cokelat tua berbentuk 'cincin konsentris' menyerupai target/sasaran panah (target spot) pada daun tua"", 'Gejala: Bercak dikelilingi halo kuning; daun menguning dan gugur dimulai dari bawah', 'Gejala: Batang menunjukkan bercak cokelat hitam memanjang, terutama di pangkal', 'Gejala: Busuk pada pangkal tangkai buah (stem-end rot); bercak cekung pada buah', 'Gejala: Defoliasi progresif dari bawah ke atas membuat tanaman gundul dan lemah', 'Penanganan (tipe Kimia — Fungisida Kontak): produk Antracol 70 WP (Propineb), bahan aktif Propineb 70%, dosis 2 g/liter air. Cara: Semprot merata atas dan bawah daun hingga runoff; mulai dari daun bawah.', 'Penanganan (tipe Kimia — Fungisida Sistemik Efektif): produk Score 250 EC (Difenokonazol), bahan aktif Difenokonazol 250 g/L, dosis 0,25–0,5 ml/liter air. Cara: Semprot merata; fokus pada daun tua dan daun tengah yang mulai bergejala.', 'Penanganan (tipe Kimia — Fungisida Kombinasi Kuratif): produk Nativo 75 WG (Tebukonazol + Trifloksistrobin), bahan aktif Tebukonazol 50% + Trifloksistrobin 25%, dosis 0,5 g/liter air. Cara: Semprot merata; tambahkan perekat untuk adhesi lebih baik di cuaca hujan.', 'Pencegahan: Pasang mulsa plastik hitam perak untuk mencegah spora tanah terpercik ke daun bawah.', 'Pencegahan: Pangkas dan buang daun yang menyentuh tanah untuk mengurangi titik infeksi.', 'Pencegahan: Lakukan rotasi tanaman non-solanaceae (kacang, jagung) minimal 2–3 tahun.', 'Pencegahan: Hindari penanaman pada puncak musim hujan; pilih musim kemarau dengan irigasi terkontrol.', 'Pencegahan: Tanam varietas tomat yang lebih toleran early blight.', 'Perawatan: Semprot Kalsium (Ca) secara rutin — tanaman cukup Kalsium lebih tahan terhadap Alternaria.', 'Perawatan: Monitor daun tua (daun bawah) setiap pagi; deteksi dini memungkinkan respons lebih cepat.', 'Perawatan: Pastikan nutrisi mikro (Zn, Mg, Mn) tercukupi untuk memperkuat sistem imun tanaman.', 'Perawatan: Pangkas daun bergejala dan kumpulkan untuk dibakar, bukan dibuang sembarangan.', 'Perawatan: Hindari menyiram daun secara langsung; arahkan air ke pangkal tanaman.', ""Bercak Kering Tomat (Early Blight) disebabkan oleh Alternaria solani/linariae dengan keparahan sedang-tinggi. Gejala khas: bercak cokelat berbentuk lingkaran konsentris 'target spot' pada daun tua, halo kuning di sekitarnya, defoliasi progresif dari bawah ke atas, dan bercak pangkal buah. Berkembang pada kelembapan >85% dan suhu 24–29°C, diperparah oleh tanaman stres kekurangan nutrisi. Inokulum tersimpan di tanah dan sisa tanaman. Penanganan: Antracol 70 WP (Propineb 70%, dosis 2 g/liter) preventif setiap 7 hari, Score 250 EC (Difenokonazol 250 g/L, 0,25–0,5 ml/liter) saat gejala muncul (efektivitas tertinggi — 65% reduksi), atau Nativo 75 WG (Tebukonazol + Trifloksistrobin, 0,5 g/liter) saat serangan berat. Pencegahan: mulsa plastik, pangkas daun menyentuh tanah, rotasi 2–3 tahun non-solanaceae. Perawatan: semprot Kalsium rutin, monitoring daun bawah tiap pagi, pastikan nutrisi mikro cukup.""]","**Gejala Bercak Kering Tomat (Early Blight):**  

1. Bercak cokelat tua berbentuk “cincin konsentris” menyerupai target pada daun tua.  
2. Bercak dikelilingi halo kuning; daun menguning dan gugur dimulai dari bagian bawah tanaman.  
3. Batang menunjukkan bercak cokelat‑hitam memanjang, terutama di pangkal.  
4. Busuk pada pangkal tangkai buah (stem‑end rot) dengan bercak cekung pada buah.  
5. Defoliasi progresif dari bawah ke atas, membuat tanaman menjadi gundul dan lemah.","Gejala Bercak Kering Tomat (Early Blight) meliputi: Bercak cokelat tua berbentuk 'cincin konsentris' menyerupai target/sasaran panah (target spot) pada daun tua; Bercak dikelilingi halo kuning; daun menguning dan gugur dimulai dari bawah; Batang menunjukkan bercak cokelat hitam memanjang, terutama di pangkal; Busuk pada pangkal tangkai buah (stem-end rot); bercak cekung pada buah; Defoliasi progresif dari bawah ke atas membuat tanaman gundul dan lemah.",1.0,0.9629088523529323,0.907142857129898,1.0,0.9499711356770937,0.92
Bagaimana cara menangani Bercak Kering Tomat (Early Blight) yang sudah terinfeksi?,"['Patogen: Alternaria solani / Alternaria linariae (tipe: Jamur Deuteromycete). Penyebab utama: Konidia dari sisa tanaman di tanah; spora tersebar via angin dan percikan hujan. Kondisi pemicu: Kelembapan udara tinggi (>85%) dengan suhu 24–29°C, Tanaman stres: kekurangan Nitrogen, Kalsium, atau Magnesium, Tanah tidak diberi mulsa sehingga spora terpercik ke daun.', ""Gejala: Bercak cokelat tua berbentuk 'cincin konsentris' menyerupai target/sasaran panah (target spot) pada daun tua"", 'Gejala: Bercak dikelilingi halo kuning; daun menguning dan gugur dimulai dari bawah', 'Gejala: Batang menunjukkan bercak cokelat hitam memanjang, terutama di pangkal', 'Gejala: Busuk pada pangkal tangkai buah (stem-end rot); bercak cekung pada buah', 'Gejala: Defoliasi progresif dari bawah ke atas membuat tanaman gundul dan lemah', 'Penanganan (tipe Kimia — Fungisida Kontak): produk Antracol 70 WP (Propineb), bahan aktif Propineb 70%, dosis 2 g/liter air. Cara: Semprot merata atas dan bawah daun hingga runoff; mulai dari daun bawah.', 'Penanganan (tipe Kimia — Fungisida Sistemik Efektif): produk Score 250 EC (Difenokonazol), bahan aktif Difenokonazol 250 g/L, dosis 0,25–0,5 ml/liter air. Cara: Semprot merata; fokus pada daun tua dan daun tengah yang mulai bergejala.', 'Penanganan (tipe Kimia — Fungisida Kombinasi Kuratif): produk Nativo 75 WG (Tebukonazol + Trifloksistrobin), bahan aktif Tebukonazol 50% + Trifloksistrobin 25%, dosis 0,5 g/liter air. Cara: Semprot merata; tambahkan perekat untuk adhesi lebih baik di cuaca hujan.', 'Pencegahan: Pasang mulsa plastik hitam perak untuk mencegah spora tanah terpercik ke daun bawah.', 'Pencegahan: Pangkas dan buang daun yang menyentuh tanah untuk mengurangi titik infeksi.', 'Pencegahan: Lakukan rotasi tanaman non-solanaceae (kacang, jagung) minimal 2–3 tahun.', 'Pencegahan: Hindari penanaman pada puncak musim hujan; pilih musim kemarau dengan irigasi terkontrol.', 'Pencegahan: Tanam varietas tomat yang lebih toleran early blight.', 'Perawatan: Semprot Kalsium (Ca) secara rutin — tanaman cukup Kalsium lebih tahan terhadap Alternaria.', 'Perawatan: Monitor daun tua (daun bawah) setiap pagi; deteksi dini memungkinkan respons lebih cepat.', 'Perawatan: Pastikan nutrisi mikro (Zn, Mg, Mn) tercukupi untuk memperkuat sistem imun tanaman.', 'Perawatan: Pangkas daun bergejala dan kumpulkan untuk dibakar, bukan dibuang sembarangan.', 'Perawatan: Hindari menyiram daun secara langsung; arahkan air ke pangkal tanaman.', ""Bercak Kering Tomat (Early Blight) disebabkan oleh Alternaria solani/linariae dengan keparahan sedang-tinggi. Gejala khas: bercak cokelat berbentuk lingkaran konsentris 'target spot' pada daun tua, halo kuning di sekitarnya, defoliasi progresif dari bawah ke atas, dan bercak pangkal buah. Berkembang pada kelembapan >85% dan suhu 24–29°C, diperparah oleh tanaman stres kekurangan nutrisi. Inokulum tersimpan di tanah dan sisa tanaman. Penanganan: Antracol 70 WP (Propineb 70%, dosis 2 g/liter) preventif setiap 7 hari, Score 250 EC (Difenokonazol 250 g/L, 0,25–0,5 ml/liter) saat gejala muncul (efektivitas tertinggi — 65% reduksi), atau Nativo 75 WG (Tebukonazol + Trifloksistrobin, 0,5 g/liter) saat serangan berat. Pencegahan: mulsa plastik, pangkas daun menyentuh tanah, rotasi 2–3 tahun non-solanaceae. Perawatan: semprot Kalsium rutin, monitoring daun bawah tiap pagi, pastikan nutrisi mikro cukup.""]","**Penanganan Bercak Kering Tomat (Early Blight) yang sudah terinfeksi**

1. **Fungisida Kontak – Antracol 70 WP (Propineb)**
   - **Bahan aktif:** Propineb 70 %
   - **Dosis:** 2 g per liter air
   - **Cara aplikasi:** Semprotkan secara merata pada bagian atas dan bawah daun hingga terjadi runoff. Mulailah penyemprotan dari daun‑daun bawah.

2. **Fungisida Sistemik – Score 250 EC (Difenokonazol)**
   - **Bahan aktif:** Difenokonazol 250 g/L
   - **Dosis:** 0,25–0,5 ml per liter air
   - **Cara aplikasi:** Semprotkan merata, beri fokus pada daun‑daun tua dan daun‑daun tengah yang sudah menunjukkan gejala.

3. **Fungisida Kombinasi Kuratif – Nativo 75 WG (Tebukonazol + Trifloksistrobin)**
   - **Bahan aktif:** Tebukonazol 50 % + Trifloksistrobin 25 %
   - **Dosis:** 0,5 g per liter air
   - **Cara aplikasi:** Semprotkan merata dan tambahkan bahan perekat (adherent) agar fungisida menempel lebih baik, terutama bila cuaca hujan.

**Catatan:** Lakukan penyemprotan pada pagi atau sore hari ketika suhu tidak terlalu tinggi, dan ulangi sesuai jadwal produk (biasanya tiap 7–14 hari) sampai gejala berkurang. Pastikan daun‑daun yang terinfeksi dipangkas dan dibuang (bakar) untuk mengurangi sumber inokulum.","Penanganan Bercak Kering Tomat (Early Blight) dapat dilakukan dengan: Antracol 70 WP (Propineb) (Propineb 70%, dosis 2 g/liter air) — cara: Semprot merata atas dan bawah daun hingga runoff; mulai dari daun bawah; waktu: Preventif: mulai 7–14 hari setelah tanam; ulangi setiap 7 hari; Score 250 EC (Difenokonazol) (Difenokonazol 250 g/L, dosis 0,25–0,5 ml/liter air) — cara: Semprot merata; fokus pada daun tua dan daun tengah yang mulai bergejala; waktu: Saat gejala pertama muncul; ulangi setiap 10–14 hari; Nativo 75 WG (Tebukonazol + Trifloksistrobin) (Tebukonazol 50% + Trifloksistrobin 25%, dosis 0,5 g/liter air) — cara: Semprot merata; tambahkan perekat untuk adhesi lebih baik di cuaca hujan; waktu: Saat infeksi aktif atau tekanan penyakit tinggi; interval 14 hari.",0.8571428571428571,0.8384334298324844,0.44346879101884673,1.0,0.8389426854130064,0.77
Bagaimana cara mencegah serangan Bercak Kering Tomat (Early Blight)?,"['Patogen: Alternaria solani / Alternaria linariae (tipe: Jamur Deuteromycete). Penyebab utama: Konidia dari sisa tanaman di tanah; spora tersebar via angin dan percikan hujan. Kondisi pemicu: Kelembapan udara tinggi (>85%) dengan suhu 24–29°C, Tanaman stres: kekurangan Nitrogen, Kalsium, atau Magnesium, Tanah tidak diberi mulsa sehingga spora terpercik ke daun.', ""Gejala: Bercak cokelat tua berbentuk 'cincin konsentris' menyerupai target/sasaran panah (target spot) pada daun tua"", 'Gejala: Bercak dikelilingi halo kuning; daun menguning dan gugur dimulai dari bawah', 'Gejala: Batang menunjukkan bercak cokelat hitam memanjang, terutama di pangkal', 'Gejala: Busuk pada pangkal tangkai buah (stem-end rot); bercak cekung pada buah', 'Gejala: Defoliasi progresif dari bawah ke atas membuat tanaman gundul dan lemah', 'Penanganan (tipe Kimia — Fungisida Kontak): produk Antracol 70 WP (Propineb), bahan aktif Propineb 70%, dosis 2 g/liter air. Cara: Semprot merata atas dan bawah daun hingga runoff; mulai dari daun bawah.', 'Penanganan (tipe Kimia — Fungisida Sistemik Efektif): produk Score 250 EC (Difenokonazol), bahan aktif Difenokonazol 250 g/L, dosis 0,25–0,5 ml/liter air. Cara: Semprot merata; fokus pada daun tua dan daun tengah yang mulai bergejala.', 'Penanganan (tipe Kimia — Fungisida Kombinasi Kuratif): produk Nativo 75 WG (Tebukonazol + Trifloksistrobin), bahan aktif Tebukonazol 50% + Trifloksistrobin 25%, dosis 0,5 g/liter air. Cara: Semprot merata; tambahkan perekat untuk adhesi lebih baik di cuaca hujan.', 'Pencegahan: Pasang mulsa plastik hitam perak untuk mencegah spora tanah terpercik ke daun bawah.', 'Pencegahan: Pangkas dan buang daun yang menyentuh tanah untuk mengurangi titik infeksi.', 'Pencegahan: Lakukan rotasi tanaman non-solanaceae (kacang, jagung) minimal 2–3 tahun.', 'Pencegahan: Hindari penanaman pada puncak musim hujan; pilih musim kemarau dengan irigasi terkontrol.', 'Pencegahan: Tanam varietas tomat yang lebih toleran early blight.', 'Perawatan: Semprot Kalsium (Ca) secara rutin — tanaman cukup Kalsium lebih tahan terhadap Alternaria.', 'Perawatan: Monitor daun tua (daun bawah) setiap pagi; deteksi dini memungkinkan respons lebih cepat.', 'Perawatan: Pastikan nutrisi mikro (Zn, Mg, Mn) tercukupi untuk memperkuat sistem imun tanaman.', 'Perawatan: Pangkas daun bergejala dan kumpulkan untuk dibakar, bukan dibuang sembarangan.', 'Perawatan: Hindari menyiram daun secara langsung; arahkan air ke pangkal tanaman.', ""Bercak Kering Tomat (Early Blight) disebabkan oleh Alternaria solani/linariae dengan keparahan sedang-tinggi. Gejala khas: bercak cokelat berbentuk lingkaran konsentris 'target spot' pada daun tua, halo kuning di sekitarnya, defoliasi progresif dari bawah ke atas, dan bercak pangkal buah. Berkembang pada kelembapan >85% dan suhu 24–29°C, diperparah oleh tanaman stres kekurangan nutrisi. Inokulum tersimpan di tanah dan sisa tanaman. Penanganan: Antracol 70 WP (Propineb 70%, dosis 2 g/liter) preventif setiap 7 hari, Score 250 EC (Difenokonazol 250 g/L, 0,25–0,5 ml/liter) saat gejala muncul (efektivitas tertinggi — 65% reduksi), atau Nativo 75 WG (Tebukonazol + Trifloksistrobin, 0,5 g/liter) saat serangan berat. Pencegahan: mulsa plastik, pangkas daun menyentuh tanah, rotasi 2–3 tahun non-solanaceae. Perawatan: semprot Kalsium rutin, monitoring daun bawah tiap pagi, pastikan nutrisi mikro cukup.""]","**Cara mencegah serangan Bercak Kering Tomat (Early Blight):**

1. Pasang mulsa plastik hitam perak agar spora tanah tidak terpercik ke daun bawah.  
2. Pangkas dan buang daun yang menyentuh tanah untuk mengurangi titik infeksi.  
3. Lakukan rotasi tanaman dengan tanaman non‑solanaceae (misalnya kacang atau jagung) minimal 2–3 tahun.  
4. Hindari penanaman pada puncak musim hujan; pilih musim kemarau dengan irigasi terkontrol.  
5. Tanam varietas tomat yang lebih toleran terhadap early blight.","Pencegahan Bercak Kering Tomat (Early Blight) meliputi: Pasang mulsa plastik hitam perak untuk mencegah spora tanah terpercik ke daun bawah. Pangkas dan buang daun yang menyentuh tanah untuk mengurangi titik infeksi. Lakukan rotasi tanaman non-solanaceae (kacang, jagung) minimal 2–3 tahun. Hindari penanaman pada puncak musim hujan; pilih musim kemarau dengan irigasi terkontrol. Tanam varietas tomat yang lebih toleran early blight.",1.0,0.9338536176033493,0.4260170385117133,1.0,0.9661824673096711,1.0
Perawatan apa yang perlu dilakukan pada tanaman untuk mendukung pemulihan dan ketahanan terhadap Bercak Kering Tomat (Early Blight)?,"['Patogen: Alternaria solani / Alternaria linariae (tipe: Jamur Deuteromycete). Penyebab utama: Konidia dari sisa tanaman di tanah; spora tersebar via angin dan percikan hujan. Kondisi pemicu: Kelembapan udara tinggi (>85%) dengan suhu 24–29°C, Tanaman stres: kekurangan Nitrogen, Kalsium, atau Magnesium, Tanah tidak diberi mulsa sehingga spora terpercik ke daun.', ""Gejala: Bercak cokelat tua berbentuk 'cincin konsentris' menyerupai target/sasaran panah (target spot) pada daun tua"", 'Gejala: Bercak dikelilingi halo kuning; daun menguning dan gugur dimulai dari bawah', 'Gejala: Batang menunjukkan bercak cokelat hitam memanjang, terutama di pangkal', 'Gejala: Busuk pada pangkal tangkai buah (stem-end rot); bercak cekung pada buah', 'Gejala: Defoliasi progresif dari bawah ke atas membuat tanaman gundul dan lemah', 'Penanganan (tipe Kimia — Fungisida Kontak): produk Antracol 70 WP (Propineb), bahan aktif Propineb 70%, dosis 2 g/liter air. Cara: Semprot merata atas dan bawah daun hingga runoff; mulai dari daun bawah.', 'Penanganan (tipe Kimia — Fungisida Sistemik Efektif): produk Score 250 EC (Difenokonazol), bahan aktif Difenokonazol 250 g/L, dosis 0,25–0,5 ml/liter air. Cara: Semprot merata; fokus pada daun tua dan daun tengah yang mulai bergejala.', 'Penanganan (tipe Kimia — Fungisida Kombinasi Kuratif): produk Nativo 75 WG (Tebukonazol + Trifloksistrobin), bahan aktif Tebukonazol 50% + Trifloksistrobin 25%, dosis 0,5 g/liter air. Cara: Semprot merata; tambahkan perekat untuk adhesi lebih baik di cuaca hujan.', 'Pencegahan: Pasang mulsa plastik hitam perak untuk mencegah spora tanah terpercik ke daun bawah.', 'Pencegahan: Pangkas dan buang daun yang menyentuh tanah untuk mengurangi titik infeksi.', 'Pencegahan: Lakukan rotasi tanaman non-solanaceae (kacang, jagung) minimal 2–3 tahun.', 'Pencegahan: Hindari penanaman pada puncak musim hujan; pilih musim kemarau dengan irigasi terkontrol.', 'Pencegahan: Tanam varietas tomat yang lebih toleran early blight.', 'Perawatan: Semprot Kalsium (Ca) secara rutin — tanaman cukup Kalsium lebih tahan terhadap Alternaria.', 'Perawatan: Monitor daun tua (daun bawah) setiap pagi; deteksi dini memungkinkan respons lebih cepat.', 'Perawatan: Pastikan nutrisi mikro (Zn, Mg, Mn) tercukupi untuk memperkuat sistem imun tanaman.', 'Perawatan: Pangkas daun bergejala dan kumpulkan untuk dibakar, bukan dibuang sembarangan.', 'Perawatan: Hindari menyiram daun secara langsung; arahkan air ke pangkal tanaman.', ""Bercak Kering Tomat (Early Blight) disebabkan oleh Alternaria solani/linariae dengan keparahan sedang-tinggi. Gejala khas: bercak cokelat berbentuk lingkaran konsentris 'target spot' pada daun tua, halo kuning di sekitarnya, defoliasi progresif dari bawah ke atas, dan bercak pangkal buah. Berkembang pada kelembapan >85% dan suhu 24–29°C, diperparah oleh tanaman stres kekurangan nutrisi. Inokulum tersimpan di tanah dan sisa tanaman. Penanganan: Antracol 70 WP (Propineb 70%, dosis 2 g/liter) preventif setiap 7 hari, Score 250 EC (Difenokonazol 250 g/L, 0,25–0,5 ml/liter) saat gejala muncul (efektivitas tertinggi — 65% reduksi), atau Nativo 75 WG (Tebukonazol + Trifloksistrobin, 0,5 g/liter) saat serangan berat. Pencegahan: mulsa plastik, pangkas daun menyentuh tanah, rotasi 2–3 tahun non-solanaceae. Perawatan: semprot Kalsium rutin, monitoring daun bawah tiap pagi, pastikan nutrisi mikro cukup.""]","**Perawatan untuk mendukung pemulihan dan ketahanan tanaman tomat terhadap Bercak Kering (Early Blight):**

1. **Semprot kalsium secara rutin** – Tanaman yang cukup kalsium lebih tahan terhadap jamur *Alternaria*.
2. **Pantau daun tua (daun bawah) setiap pagi** – Deteksi dini bercak memungkinkan tindakan cepat sebelum penyebaran.
3. **Pastikan nutrisi mikro (Zn, Mg, Mn) tercukupi** – Mikronutrien ini memperkuat sistem imun tanaman.
4. **Pangkas daun yang sudah bergejala** dan kumpulkan untuk dibakar, bukan dibuang sembarangan, agar spora tidak menyebar.
5. **Hindari penyiraman daun secara langsung**; arahkan air ke pangkal tanaman agar daun tidak tetap basah dan meminimalkan kondisi lembap yang menguntungkan jamur.","Perawatan untuk tanaman yang terserang atau rentan Bercak Kering Tomat (Early Blight) meliputi: Semprot Kalsium (Ca) secara rutin — tanaman cukup Kalsium lebih tahan terhadap Alternaria. Monitor daun tua (daun bawah) setiap pagi; deteksi dini memungkinkan respons lebih cepat. Pastikan nutrisi mikro (Zn, Mg, Mn) tercukupi untuk memperkuat sistem imun tanaman. Pangkas daun bergejala dan kumpulkan untuk dibakar, bukan dibuang sembarangan. Hindari menyiram daun secara langsung; arahkan air ke pangkal tanaman.",1.0,0.9479946352648342,0.47895975455094014,1.0,0.8989460317665969,1.0
Apa penyebab Busuk Daun Tomat (Late Blight) dan dalam kondisi apa penyakit ini berkembang?,"['Patogen: Phytophthora infestans (tipe: Oomycete (bukan jamur sejati — lebih dekat ke alga)). Penyebab utama: Spora (sporangia) terbawa angin atau hujan dari tanaman terinfeksi; bertahan di umbi kentang. Kondisi pemicu: Suhu sejuk 10–20°C dengan kelembapan sangat tinggi (>90%), Hujan awet atau kabut berkepanjangan, Tanaman tomat ditanam dekat kebun kentang yang terinfeksi.', 'Gejala: Bercak hijau-abu gelap basah (water-soaked) yang meluas sangat cepat (2–3 hari) pada daun', 'Gejala: Lapisan bulu-bulu putih kapas (sporangiophore) tampak di sisi bawah daun saat kondisi lembap', 'Gejala: Daun dan batang menghitam, membusuk, dan berbau khas busuk (tidak ada pada early blight)', 'Gejala: Seluruh tanaman bisa kolaps (lonyot/mati) dalam 1 minggu pada cuaca mendukung', 'Gejala: Buah menunjukkan bercak cokelat minyak yang membesar; buah akhirnya membusuk seluruhnya', 'Penanganan (tipe Kimia — Fungisida Khusus Oomycete): produk Acrobat 50 WP (Dimetomorf), bahan aktif Dimetomorf 50%, dosis 1–2 g/liter air. Cara: Semprot intensif seluruh bagian tanaman: daun (atas-bawah), batang, dan buah; gunakan perekat.', 'Penanganan (tipe Kimia — Fungisida Preventif Mankozeb): produk Dithane M-45 (Mankozeb), bahan aktif Mankozeb 80%, dosis 2–2,5 g/liter air. Cara: Semprot preventif sebelum hujan; tambahkan perekat (sticker).', 'Penanganan (tipe Kimia — Fungisida Sistemik Kombinasi): produk Revus Top (Mandipropamid + Difenokonazol), bahan aktif Mandipropamid 250 g/L + Difenokonazol 250 g/L, dosis 0,5–0,75 ml/liter air. Cara: Semprot merata; efektif bahkan setelah hujan (tahan cuci).', 'Pencegahan: Jangan tanam tomat dekat kebun kentang — keduanya rentan terhadap P. infestans yang sama.', 'Pencegahan: Pastikan sistem drainase lahan sangat baik; genangan air meningkatkan kelembapan mikro.', 'Pencegahan: Tanam varietas tomat yang memiliki toleransi terhadap Phytophthora (misal: Mountain Magic, Defiant).', 'Pencegahan: Perlebar jarak tanam di musim hujan untuk mempercepat pengeringan kanopi.', 'Pencegahan: Pantau prakiraan cuaca dan lakukan semprot preventif Mankozeb sebelum cuaca buruk datang.', 'Perawatan: Cabut dan buang (bakar) tanaman yang terinfeksi sangat parah — jangan kompos.', 'Perawatan: Gunakan perekat (sticker/spreader) dalam larutan semprot agar fungisida tidak mudah tercuci hujan.', 'Perawatan: Aplikasikan Mankozeb preventif setiap 5–7 hari menjelang musim hujan ekstrem.', 'Perawatan: Hindari bekerja di lahan saat tanaman basah — P. infestans menyebar mudah melalui kontak.', 'Perawatan: Musnahkan sisa tanaman tomat dan kentang di akhir musim; jangan biarkan di lahan.', 'Busuk Daun Tomat (Late Blight) disebabkan oleh Phytophthora infestans (oomycete, bukan jamur sejati) dan merupakan penyakit tomat paling merusak dengan keparahan sangat tinggi — menyebabkan gagal panen total. Gejala: bercak abu-gelap basah yang meluas sangat cepat (2–3 hari), lapisan bulu putih di bawah daun saat lembap, daun dan batang menghitam berbau busuk, seluruh tanaman bisa kolaps dalam 1 minggu. Berkembang pada suhu sejuk 10–20°C dengan kelembapan >90% dan hujan awet. Penanganan SEGERA: Acrobat 50 WP (Dimetomorf 50%, dosis 1–2 g/liter) setiap 5–7 hari — satu-satunya fungisida spesifik P. infestans. Preventif: Dithane M-45 (Mankozeb 80%, 2–2,5 g/liter) sebelum hujan. Kombinasi terbaik: Revus Top (Mandipropamid + Difenokonazol, 0,5–0,75 ml/liter) tahan cuci. Pencegahan: jangan tanam dekat kentang, drainase sangat baik, varietas toleran, jarak tanam lebar. Perawatan: cabut tanaman parah, gunakan perekat di larutan semprot, musnahkan sisa tanaman.']","**Penyebab:**  
Busuk Daun Tomat (Late Blight) disebabkan oleh *Phytophthora infestans*, sebuah oomycete (bukan jamur sejati). Patogen ini menyebar melalui spora (sporangia) yang terbawa angin atau hujan, dan dapat bertahan di umbi kentang.

**Kondisi yang memicu perkembangan penyakit:**  
- Suhu sejuk antara **10 °C–20 °C**.  
- Kelembapan udara sangat tinggi, **> 90 %**.  
- Hujan awet atau kabut yang berlangsung lama.  
- Tanaman tomat ditanam **dekat kebun kentang yang terinfeksi** oleh patogen yang sama.",Busuk Daun Tomat (Late Blight) disebabkan oleh Oomycete (bukan jamur sejati — lebih dekat ke alga) Phytophthora infestans. Spora (sporangia) terbawa angin atau hujan dari tanaman terinfeksi; bertahan di umbi kentang. Penyakit ini berkembang pesat pada kondisi: Suhu sejuk 10–20°C dengan kelembapan sangat tinggi (>90%); Hujan awet atau kabut berkepanjangan; Tanaman tomat ditanam dekat kebun kentang yang terinfeksi.,1.0,0.8920105397381205,0.449999999985,1.0,0.9603241699811149,0.89
Apa saja gejala yang muncul pada tanaman yang terserang Busuk Daun Tomat (Late Blight)?,"['Patogen: Phytophthora infestans (tipe: Oomycete (bukan jamur sejati — lebih dekat ke alga)). Penyebab utama: Spora (sporangia) terbawa angin atau hujan dari tanaman terinfeksi; bertahan di umbi kentang. Kondisi pemicu: Suhu sejuk 10–20°C dengan kelembapan sangat tinggi (>90%), Hujan awet atau kabut berkepanjangan, Tanaman tomat ditanam dekat kebun kentang yang terinfeksi.', 'Gejala: Bercak hijau-abu gelap basah (water-soaked) yang meluas sangat cepat (2–3 hari) pada daun', 'Gejala: Lapisan bulu-bulu putih kapas (sporangiophore) tampak di sisi bawah daun saat kondisi lembap', 'Gejala: Daun dan batang menghitam, membusuk, dan berbau khas busuk (tidak ada pada early blight)', 'Gejala: Seluruh tanaman bisa kolaps (lonyot/mati) dalam 1 minggu pada cuaca mendukung', 'Gejala: Buah menunjukkan bercak cokelat minyak yang membesar; buah akhirnya membusuk seluruhnya', 'Penanganan (tipe Kimia — Fungisida Khusus Oomycete): produk Acrobat 50 WP (Dimetomorf), bahan aktif Dimetomorf 50%, dosis 1–2 g/liter air. Cara: Semprot intensif seluruh bagian tanaman: daun (atas-bawah), batang, dan buah; gunakan perekat.', 'Penanganan (tipe Kimia — Fungisida Preventif Mankozeb): produk Dithane M-45 (Mankozeb), bahan aktif Mankozeb 80%, dosis 2–2,5 g/liter air. Cara: Semprot preventif sebelum hujan; tambahkan perekat (sticker).', 'Penanganan (tipe Kimia — Fungisida Sistemik Kombinasi): produk Revus Top (Mandipropamid + Difenokonazol), bahan aktif Mandipropamid 250 g/L + Difenokonazol 250 g/L, dosis 0,5–0,75 ml/liter air. Cara: Semprot merata; efektif bahkan setelah hujan (tahan cuci).', 'Pencegahan: Jangan tanam tomat dekat kebun kentang — keduanya rentan terhadap P. infestans yang sama.', 'Pencegahan: Pastikan sistem drainase lahan sangat baik; genangan air meningkatkan kelembapan mikro.', 'Pencegahan: Tanam varietas tomat yang memiliki toleransi terhadap Phytophthora (misal: Mountain Magic, Defiant).', 'Pencegahan: Perlebar jarak tanam di musim hujan untuk mempercepat pengeringan kanopi.', 'Pencegahan: Pantau prakiraan cuaca dan lakukan semprot preventif Mankozeb sebelum cuaca buruk datang.', 'Perawatan: Cabut dan buang (bakar) tanaman yang terinfeksi sangat parah — jangan kompos.', 'Perawatan: Gunakan perekat (sticker/spreader) dalam larutan semprot agar fungisida tidak mudah tercuci hujan.', 'Perawatan: Aplikasikan Mankozeb preventif setiap 5–7 hari menjelang musim hujan ekstrem.', 'Perawatan: Hindari bekerja di lahan saat tanaman basah — P. infestans menyebar mudah melalui kontak.', 'Perawatan: Musnahkan sisa tanaman tomat dan kentang di akhir musim; jangan biarkan di lahan.', 'Busuk Daun Tomat (Late Blight) disebabkan oleh Phytophthora infestans (oomycete, bukan jamur sejati) dan merupakan penyakit tomat paling merusak dengan keparahan sangat tinggi — menyebabkan gagal panen total. Gejala: bercak abu-gelap basah yang meluas sangat cepat (2–3 hari), lapisan bulu putih di bawah daun saat lembap, daun dan batang menghitam berbau busuk, seluruh tanaman bisa kolaps dalam 1 minggu. Berkembang pada suhu sejuk 10–20°C dengan kelembapan >90% dan hujan awet. Penanganan SEGERA: Acrobat 50 WP (Dimetomorf 50%, dosis 1–2 g/liter) setiap 5–7 hari — satu-satunya fungisida spesifik P. infestans. Preventif: Dithane M-45 (Mankozeb 80%, 2–2,5 g/liter) sebelum hujan. Kombinasi terbaik: Revus Top (Mandipropamid + Difenokonazol, 0,5–0,75 ml/liter) tahan cuci. Pencegahan: jangan tanam dekat kentang, drainase sangat baik, varietas toleran, jarak tanam lebar. Perawatan: cabut tanaman parah, gunakan perekat di larutan semprot, musnahkan sisa tanaman.']","Berikut gejala‑gejala yang muncul pada tanaman tomat yang terserang **Busuk Daun Tomat (Late Blight)**:

1. **Bercak hijau‑abu gelap berair (water‑soaked)** pada daun, menyebar sangat cepat dalam 2–3 hari.  
2. **Lapisan bulu‑bulu putih kapas (sporangiophore)** terlihat di sisi bawah daun ketika kondisi lembap.  
3. **Daun dan batang menghitam, membusuk, dan mengeluarkan bau busuk khas** (tidak ada pada early blight).  
4. **Seluruh tanaman dapat kolaps (lonyot/mati)** dalam waktu sekitar 1 minggu bila cuaca mendukung.  
5. **Buah menunjukkan bercak cokelat berwarna minyak yang membesar**, kemudian buah seluruhnya membusuk.","Gejala Busuk Daun Tomat (Late Blight) meliputi: Bercak hijau-abu gelap basah (water-soaked) yang meluas sangat cepat (2–3 hari) pada daun; Lapisan bulu-bulu putih kapas (sporangiophore) tampak di sisi bawah daun saat kondisi lembap; Daun dan batang menghitam, membusuk, dan berbau khas busuk (tidak ada pada early blight); Seluruh tanaman bisa kolaps (lonyot/mati) dalam 1 minggu pada cuaca mendukung; Buah menunjukkan bercak cokelat minyak yang membesar; buah akhirnya membusuk seluruhnya.",1.0,0.9579477911967201,0.6416666666559723,0.8,0.9206866551345737,1.0
Bagaimana cara menangani Busuk Daun Tomat (Late Blight) yang sudah terinfeksi?,"['Patogen: Phytophthora infestans (tipe: Oomycete (bukan jamur sejati — lebih dekat ke alga)). Penyebab utama: Spora (sporangia) terbawa angin atau hujan dari tanaman terinfeksi; bertahan di umbi kentang. Kondisi pemicu: Suhu sejuk 10–20°C dengan kelembapan sangat tinggi (>90%), Hujan awet atau kabut berkepanjangan, Tanaman tomat ditanam dekat kebun kentang yang terinfeksi.', 'Gejala: Bercak hijau-abu gelap basah (water-soaked) yang meluas sangat cepat (2–3 hari) pada daun', 'Gejala: Lapisan bulu-bulu putih kapas (sporangiophore) tampak di sisi bawah daun saat kondisi lembap', 'Gejala: Daun dan batang menghitam, membusuk, dan berbau khas busuk (tidak ada pada early blight)', 'Gejala: Seluruh tanaman bisa kolaps (lonyot/mati) dalam 1 minggu pada cuaca mendukung', 'Gejala: Buah menunjukkan bercak cokelat minyak yang membesar; buah akhirnya membusuk seluruhnya', 'Penanganan (tipe Kimia — Fungisida Khusus Oomycete): produk Acrobat 50 WP (Dimetomorf), bahan aktif Dimetomorf 50%, dosis 1–2 g/liter air. Cara: Semprot intensif seluruh bagian tanaman: daun (atas-bawah), batang, dan buah; gunakan perekat.', 'Penanganan (tipe Kimia — Fungisida Preventif Mankozeb): produk Dithane M-45 (Mankozeb), bahan aktif Mankozeb 80%, dosis 2–2,5 g/liter air. Cara: Semprot preventif sebelum hujan; tambahkan perekat (sticker).', 'Penanganan (tipe Kimia — Fungisida Sistemik Kombinasi): produk Revus Top (Mandipropamid + Difenokonazol), bahan aktif Mandipropamid 250 g/L + Difenokonazol 250 g/L, dosis 0,5–0,75 ml/liter air. Cara: Semprot merata; efektif bahkan setelah hujan (tahan cuci).', 'Pencegahan: Jangan tanam tomat dekat kebun kentang — keduanya rentan terhadap P. infestans yang sama.', 'Pencegahan: Pastikan sistem drainase lahan sangat baik; genangan air meningkatkan kelembapan mikro.', 'Pencegahan: Tanam varietas tomat yang memiliki toleransi terhadap Phytophthora (misal: Mountain Magic, Defiant).', 'Pencegahan: Perlebar jarak tanam di musim hujan untuk mempercepat pengeringan kanopi.', 'Pencegahan: Pantau prakiraan cuaca dan lakukan semprot preventif Mankozeb sebelum cuaca buruk datang.', 'Perawatan: Cabut dan buang (bakar) tanaman yang terinfeksi sangat parah — jangan kompos.', 'Perawatan: Gunakan perekat (sticker/spreader) dalam larutan semprot agar fungisida tidak mudah tercuci hujan.', 'Perawatan: Aplikasikan Mankozeb preventif setiap 5–7 hari menjelang musim hujan ekstrem.', 'Perawatan: Hindari bekerja di lahan saat tanaman basah — P. infestans menyebar mudah melalui kontak.', 'Perawatan: Musnahkan sisa tanaman tomat dan kentang di akhir musim; jangan biarkan di lahan.', 'Busuk Daun Tomat (Late Blight) disebabkan oleh Phytophthora infestans (oomycete, bukan jamur sejati) dan merupakan penyakit tomat paling merusak dengan keparahan sangat tinggi — menyebabkan gagal panen total. Gejala: bercak abu-gelap basah yang meluas sangat cepat (2–3 hari), lapisan bulu putih di bawah daun saat lembap, daun dan batang menghitam berbau busuk, seluruh tanaman bisa kolaps dalam 1 minggu. Berkembang pada suhu sejuk 10–20°C dengan kelembapan >90% dan hujan awet. Penanganan SEGERA: Acrobat 50 WP (Dimetomorf 50%, dosis 1–2 g/liter) setiap 5–7 hari — satu-satunya fungisida spesifik P. infestans. Preventif: Dithane M-45 (Mankozeb 80%, 2–2,5 g/liter) sebelum hujan. Kombinasi terbaik: Revus Top (Mandipropamid + Difenokonazol, 0,5–0,75 ml/liter) tahan cuci. Pencegahan: jangan tanam dekat kentang, drainase sangat baik, varietas toleran, jarak tanam lebar. Perawatan: cabut tanaman parah, gunakan perekat di larutan semprot, musnahkan sisa tanaman.']","**Penanganan Busuk Daun Tomat (Late Blight) yang sudah terinfeksi**

1. **Semprot fungisida khusus Oomycete**  
   - **Produk:** Acrobat 50 WP (Dimetomorf 50 %)  
   - **Dosis:** 1–2 g per liter air  
   - **Cara aplikasi:** Semprotkan secara intensif ke seluruh bagian tanaman (daun atas‑bawah, batang, dan buah). Tambahkan perekat (sticker) agar tidak mudah tercuci hujan. Ulangi semprotan setiap 5–7 hari.

2. **Jika diperlukan fungisida sistemik**  
   - **Produk:** Revus Top (Mandipropamid + Difenokonazol)  
   - **Dosis:** 0,5–0,75 ml per liter air  
   - **Cara aplikasi:** Semprot merata; tahan cuci sehingga tetap efektif meski hujan.

3. **Penghilangan tanaman yang sangat parah**  
   - Cabut tanaman yang menunjukkan pembusukan total (daun, batang, atau buah sudah menghitam dan berbau busuk).  
   - Buang dengan cara **dibakar**; jangan kompos atau dibuang ke lahan lain.

4. **Langkah tambahan saat penyemprotan**  
   - Gunakan perekat (sticker/spreader) dalam larutan semprot.  
   - Hindari bekerja di lahan ketika tanaman masih basah, karena spora mudah menyebar lewat kontak.

Dengan melakukan semprotan fungisida sesuai dosis di atas dan membuang tanaman yang sudah tidak dapat diselamatkan, penyebaran penyakit dapat diperlambat dan tanaman yang masih hidup memiliki peluang untuk pulih.","Penanganan Busuk Daun Tomat (Late Blight) dapat dilakukan dengan: Acrobat 50 WP (Dimetomorf) (Dimetomorf 50%, dosis 1–2 g/liter air) — cara: Semprot intensif seluruh bagian tanaman: daun (atas-bawah), batang, dan buah; gunakan perekat; waktu: SEGERA saat gejala pertama terdeteksi; ulangi setiap 5–7 hari saat hujan terus; Dithane M-45 (Mankozeb) (Mankozeb 80%, dosis 2–2,5 g/liter air) — cara: Semprot preventif sebelum hujan; tambahkan perekat (sticker); waktu: Aplikasi preventif saat prakiraan cuaca lembap atau hujan berkepanjangan; Revus Top (Mandipropamid + Difenokonazol) (Mandipropamid 250 g/L + Difenokonazol 250 g/L, dosis 0,5–0,75 ml/liter air) — cara: Semprot merata; efektif bahkan setelah hujan (tahan cuci); waktu: Preventif atau kuratif awal; interval 7–10 hari.",0.95,0.9341032597354452,0.44715608464863205,1.0,0.8451930014924218,0.56
Bagaimana cara mencegah serangan Busuk Daun Tomat (Late Blight)?,"['Patogen: Phytophthora infestans (tipe: Oomycete (bukan jamur sejati — lebih dekat ke alga)). Penyebab utama: Spora (sporangia) terbawa angin atau hujan dari tanaman terinfeksi; bertahan di umbi kentang. Kondisi pemicu: Suhu sejuk 10–20°C dengan kelembapan sangat tinggi (>90%), Hujan awet atau kabut berkepanjangan, Tanaman tomat ditanam dekat kebun kentang yang terinfeksi.', 'Gejala: Bercak hijau-abu gelap basah (water-soaked) yang meluas sangat cepat (2–3 hari) pada daun', 'Gejala: Lapisan bulu-bulu putih kapas (sporangiophore) tampak di sisi bawah daun saat kondisi lembap', 'Gejala: Daun dan batang menghitam, membusuk, dan berbau khas busuk (tidak ada pada early blight)', 'Gejala: Seluruh tanaman bisa kolaps (lonyot/mati) dalam 1 minggu pada cuaca mendukung', 'Gejala: Buah menunjukkan bercak cokelat minyak yang membesar; buah akhirnya membusuk seluruhnya', 'Penanganan (tipe Kimia — Fungisida Khusus Oomycete): produk Acrobat 50 WP (Dimetomorf), bahan aktif Dimetomorf 50%, dosis 1–2 g/liter air. Cara: Semprot intensif seluruh bagian tanaman: daun (atas-bawah), batang, dan buah; gunakan perekat.', 'Penanganan (tipe Kimia — Fungisida Preventif Mankozeb): produk Dithane M-45 (Mankozeb), bahan aktif Mankozeb 80%, dosis 2–2,5 g/liter air. Cara: Semprot preventif sebelum hujan; tambahkan perekat (sticker).', 'Penanganan (tipe Kimia — Fungisida Sistemik Kombinasi): produk Revus Top (Mandipropamid + Difenokonazol), bahan aktif Mandipropamid 250 g/L + Difenokonazol 250 g/L, dosis 0,5–0,75 ml/liter air. Cara: Semprot merata; efektif bahkan setelah hujan (tahan cuci).', 'Pencegahan: Jangan tanam tomat dekat kebun kentang — keduanya rentan terhadap P. infestans yang sama.', 'Pencegahan: Pastikan sistem drainase lahan sangat baik; genangan air meningkatkan kelembapan mikro.', 'Pencegahan: Tanam varietas tomat yang memiliki toleransi terhadap Phytophthora (misal: Mountain Magic, Defiant).', 'Pencegahan: Perlebar jarak tanam di musim hujan untuk mempercepat pengeringan kanopi.', 'Pencegahan: Pantau prakiraan cuaca dan lakukan semprot preventif Mankozeb sebelum cuaca buruk datang.', 'Perawatan: Cabut dan buang (bakar) tanaman yang terinfeksi sangat parah — jangan kompos.', 'Perawatan: Gunakan perekat (sticker/spreader) dalam larutan semprot agar fungisida tidak mudah tercuci hujan.', 'Perawatan: Aplikasikan Mankozeb preventif setiap 5–7 hari menjelang musim hujan ekstrem.', 'Perawatan: Hindari bekerja di lahan saat tanaman basah — P. infestans menyebar mudah melalui kontak.', 'Perawatan: Musnahkan sisa tanaman tomat dan kentang di akhir musim; jangan biarkan di lahan.', 'Busuk Daun Tomat (Late Blight) disebabkan oleh Phytophthora infestans (oomycete, bukan jamur sejati) dan merupakan penyakit tomat paling merusak dengan keparahan sangat tinggi — menyebabkan gagal panen total. Gejala: bercak abu-gelap basah yang meluas sangat cepat (2–3 hari), lapisan bulu putih di bawah daun saat lembap, daun dan batang menghitam berbau busuk, seluruh tanaman bisa kolaps dalam 1 minggu. Berkembang pada suhu sejuk 10–20°C dengan kelembapan >90% dan hujan awet. Penanganan SEGERA: Acrobat 50 WP (Dimetomorf 50%, dosis 1–2 g/liter) setiap 5–7 hari — satu-satunya fungisida spesifik P. infestans. Preventif: Dithane M-45 (Mankozeb 80%, 2–2,5 g/liter) sebelum hujan. Kombinasi terbaik: Revus Top (Mandipropamid + Difenokonazol, 0,5–0,75 ml/liter) tahan cuci. Pencegahan: jangan tanam dekat kentang, drainase sangat baik, varietas toleran, jarak tanam lebar. Perawatan: cabut tanaman parah, gunakan perekat di larutan semprot, musnahkan sisa tanaman.']","**Cara mencegah serangan Busuk Daun Tomat (Late Blight):**

1. **Jangan tanam tomat dekat kebun kentang** – kedua tanaman rentan terhadap *Phytophthora infestans* yang sama.  
2. **Pastikan drainase lahan baik**; hindari genangan air yang meningkatkan kelembapan mikro.  
3. **Tanam varietas tomat yang toleran** seperti ‘Mountain Magic’ atau ‘Defiant’.  
4. **Perlebar jarak tanam** terutama pada musim hujan agar kanopi cepat kering.  
5. **Pantau prakiraan cuaca** dan semprot preventif Mankozeb (Dithane M‑45) sebelum hujan atau kondisi lembap datang.  

Dengan menerapkan langkah‑langkah di atas, risiko infeksi Late Blight dapat ditekan secara signifikan.","Pencegahan Busuk Daun Tomat (Late Blight) meliputi: Jangan tanam tomat dekat kebun kentang — keduanya rentan terhadap P. infestans yang sama. Pastikan sistem drainase lahan sangat baik; genangan air meningkatkan kelembapan mikro. Tanam varietas tomat yang memiliki toleransi terhadap Phytophthora (misal: Mountain Magic, Defiant). Perlebar jarak tanam di musim hujan untuk mempercepat pengeringan kanopi. Pantau prakiraan cuaca dan lakukan semprot preventif Mankozeb sebelum cuaca buruk datang.",1.0,0.8994919283209514,0.5659612310300441,1.0,0.931700541302583,1.0
Perawatan apa yang perlu dilakukan pada tanaman untuk mendukung pemulihan dan ketahanan terhadap Busuk Daun Tomat (Late Blight)?,"['Patogen: Phytophthora infestans (tipe: Oomycete (bukan jamur sejati — lebih dekat ke alga)). Penyebab utama: Spora (sporangia) terbawa angin atau hujan dari tanaman terinfeksi; bertahan di umbi kentang. Kondisi pemicu: Suhu sejuk 10–20°C dengan kelembapan sangat tinggi (>90%), Hujan awet atau kabut berkepanjangan, Tanaman tomat ditanam dekat kebun kentang yang terinfeksi.', 'Gejala: Bercak hijau-abu gelap basah (water-soaked) yang meluas sangat cepat (2–3 hari) pada daun', 'Gejala: Lapisan bulu-bulu putih kapas (sporangiophore) tampak di sisi bawah daun saat kondisi lembap', 'Gejala: Daun dan batang menghitam, membusuk, dan berbau khas busuk (tidak ada pada early blight)', 'Gejala: Seluruh tanaman bisa kolaps (lonyot/mati) dalam 1 minggu pada cuaca mendukung', 'Gejala: Buah menunjukkan bercak cokelat minyak yang membesar; buah akhirnya membusuk seluruhnya', 'Penanganan (tipe Kimia — Fungisida Khusus Oomycete): produk Acrobat 50 WP (Dimetomorf), bahan aktif Dimetomorf 50%, dosis 1–2 g/liter air. Cara: Semprot intensif seluruh bagian tanaman: daun (atas-bawah), batang, dan buah; gunakan perekat.', 'Penanganan (tipe Kimia — Fungisida Preventif Mankozeb): produk Dithane M-45 (Mankozeb), bahan aktif Mankozeb 80%, dosis 2–2,5 g/liter air. Cara: Semprot preventif sebelum hujan; tambahkan perekat (sticker).', 'Penanganan (tipe Kimia — Fungisida Sistemik Kombinasi): produk Revus Top (Mandipropamid + Difenokonazol), bahan aktif Mandipropamid 250 g/L + Difenokonazol 250 g/L, dosis 0,5–0,75 ml/liter air. Cara: Semprot merata; efektif bahkan setelah hujan (tahan cuci).', 'Pencegahan: Jangan tanam tomat dekat kebun kentang — keduanya rentan terhadap P. infestans yang sama.', 'Pencegahan: Pastikan sistem drainase lahan sangat baik; genangan air meningkatkan kelembapan mikro.', 'Pencegahan: Tanam varietas tomat yang memiliki toleransi terhadap Phytophthora (misal: Mountain Magic, Defiant).', 'Pencegahan: Perlebar jarak tanam di musim hujan untuk mempercepat pengeringan kanopi.', 'Pencegahan: Pantau prakiraan cuaca dan lakukan semprot preventif Mankozeb sebelum cuaca buruk datang.', 'Perawatan: Cabut dan buang (bakar) tanaman yang terinfeksi sangat parah — jangan kompos.', 'Perawatan: Gunakan perekat (sticker/spreader) dalam larutan semprot agar fungisida tidak mudah tercuci hujan.', 'Perawatan: Aplikasikan Mankozeb preventif setiap 5–7 hari menjelang musim hujan ekstrem.', 'Perawatan: Hindari bekerja di lahan saat tanaman basah — P. infestans menyebar mudah melalui kontak.', 'Perawatan: Musnahkan sisa tanaman tomat dan kentang di akhir musim; jangan biarkan di lahan.', 'Busuk Daun Tomat (Late Blight) disebabkan oleh Phytophthora infestans (oomycete, bukan jamur sejati) dan merupakan penyakit tomat paling merusak dengan keparahan sangat tinggi — menyebabkan gagal panen total. Gejala: bercak abu-gelap basah yang meluas sangat cepat (2–3 hari), lapisan bulu putih di bawah daun saat lembap, daun dan batang menghitam berbau busuk, seluruh tanaman bisa kolaps dalam 1 minggu. Berkembang pada suhu sejuk 10–20°C dengan kelembapan >90% dan hujan awet. Penanganan SEGERA: Acrobat 50 WP (Dimetomorf 50%, dosis 1–2 g/liter) setiap 5–7 hari — satu-satunya fungisida spesifik P. infestans. Preventif: Dithane M-45 (Mankozeb 80%, 2–2,5 g/liter) sebelum hujan. Kombinasi terbaik: Revus Top (Mandipropamid + Difenokonazol, 0,5–0,75 ml/liter) tahan cuci. Pencegahan: jangan tanam dekat kentang, drainase sangat baik, varietas toleran, jarak tanam lebar. Perawatan: cabut tanaman parah, gunakan perekat di larutan semprot, musnahkan sisa tanaman.']","**Perawatan untuk mendukung pemulihan dan meningkatkan ketahanan tanaman tomat terhadap Busuk Daun (Late Blight):**

1. **Buang tanaman yang sangat terinfeksi** – cabut dan bakar tanaman/parah; jangan kompos agar patogen tidak menyebar.  
2. **Gunakan perekat (sticker/spreader)** dalam larutan semprot fungisida agar tidak mudah tercuci hujan.  
3. **Aplikasikan fungisida preventif Mankozeb** (Dithane M‑45) setiap 5–7 hari, terutama menjelang atau saat cuaca lembap/hujan.  
4. **Hindari bekerja di lahan saat tanaman basah** – kontak basah mempermudah penyebaran spora.  
5. **Musnahkan sisa tanaman tomat dan kentang** di akhir musim; jangan biarkan di lahan.  
6. **Pastikan drainase lahan baik** sehingga tidak ada genangan air yang meningkatkan kelembapan mikro.  
7. **Perlebar jarak tanam** pada musim hujan untuk mempercepat pengeringan kanopi.  
8. **Tanam varietas tomat yang toleran** (mis. Mountain Magic, Defiant) untuk meningkatkan ketahanan alami.  

Langkah‑langkah di atas membantu tanaman yang masih hidup pulih serta mengurangi peluang penyebaran dan serangan kembali penyakit Late Blight.",Perawatan untuk tanaman yang terserang atau rentan Busuk Daun Tomat (Late Blight) meliputi: Cabut dan buang (bakar) tanaman yang terinfeksi sangat parah — jangan kompos. Gunakan perekat (sticker/spreader) dalam larutan semprot agar fungisida tidak mudah tercuci hujan. Aplikasikan Mankozeb preventif setiap 5–7 hari menjelang musim hujan ekstrem. Hindari bekerja di lahan saat tanaman basah — P. infestans menyebar mudah melalui kontak. Musnahkan sisa tanaman tomat dan kentang di akhir musim; jangan biarkan di lahan.,1.0,0.9083752455231906,0.6200681284611915,1.0,0.9023070046716697,0.69
